replay,owoot_result,frames,rejected_frame_count,first_route_frame,first_road_frame,original_final_event_name,car_id,first_frame,first_route_ok,first_jump_ok,first_road_wheels,first_active_model,first_gate,first_reason,track_sha256
R0000.RPL,no_additional_violation_detected,1472,0,0,0,finish,PMIN,,,,,,,,b72ccebe57b16c1411590f63af40374c5d463e37d2b58431a6279da7666a9b21
R0001.RPL,rejection_candidate,1473,2,0,971,finish,PMIN,971,1,0,0,31,2,no wheel on or above road,b72ccebe57b16c1411590f63af40374c5d463e37d2b58431a6279da7666a9b21
R0002.RPL,rejection_candidate,1513,1,0,1000,finish,PMIN,1000,1,0,0,31,2,no wheel on or above road,b72ccebe57b16c1411590f63af40374c5d463e37d2b58431a6279da7666a9b21
R0003.RPL,no_additional_violation_detected,1627,0,0,0,finish,PMIN,,,,,,,,b72ccebe57b16c1411590f63af40374c5d463e37d2b58431a6279da7666a9b21
R0004.RPL,no_additional_violation_detected,1629,0,0,0,finish,PMIN,,,,,,,,b72ccebe57b16c1411590f63af40374c5d463e37d2b58431a6279da7666a9b21
R0005.RPL,no_additional_violation_detected,1636,0,0,0,finish,PMIN,,,,,,,,b72ccebe57b16c1411590f63af40374c5d463e37d2b58431a6279da7666a9b21
R0006.RPL,no_additional_violation_detected,1707,0,0,0,finish,PMIN,,,,,,,,b72ccebe57b16c1411590f63af40374c5d463e37d2b58431a6279da7666a9b21
R0007.RPL,no_additional_violation_detected,1978,0,0,0,finish,PMIN,,,,,,,,b72ccebe57b16c1411590f63af40374c5d463e37d2b58431a6279da7666a9b21
R0008.RPL,rejection_candidate,1588,16,0,1160,finish,PMIN,1160,1,0,0,-99,0,no wheel on or above road,b72ccebe57b16c1411590f63af40374c5d463e37d2b58431a6279da7666a9b21
R0009.RPL,no_additional_violation_detected,1625,0,0,0,finish,PMIN,,,,,,,,b72ccebe57b16c1411590f63af40374c5d463e37d2b58431a6279da7666a9b21
R0010.RPL,no_additional_violation_detected,1787,0,0,0,finish,PMIN,,,,,,,,b72ccebe57b16c1411590f63af40374c5d463e37d2b58431a6279da7666a9b21
R0011.RPL,no_additional_violation_detected,2338,0,0,0,finish,CDOR,,,,,,,,f2feb9baf57c0f64bc6fbd53e99a87ff0e85615fd213ab3ebd0ff08b93945038
R0012.RPL,no_additional_violation_detected,1592,0,0,0,finish,P962,,,,,,,,7a7260a52b9b720a898fa40323ba103039a488c9eed07549dbdacc63eeb3d01b
R0013.RPL,no_additional_violation_detected,1585,0,0,0,finish,P962,,,,,,,,7a7260a52b9b720a898fa40323ba103039a488c9eed07549dbdacc63eeb3d01b
R0014.RPL,rejection_candidate,2008,623,629,511,finish,PMIN,511,1,0,0,31,2,no wheel on or above road,07669b8edeb9921cb214993296ef0e3189f04870c1dda496f506e55ed3b9ec17
R0015.RPL,rejection_candidate,2209,1507,680,2145,finish,PMIN,680,0,0,14,34,1,stunt route incomplete,07669b8edeb9921cb214993296ef0e3189f04870c1dda496f506e55ed3b9ec17
R0016.RPL,rejection_candidate,2253,11,0,2190,finish,PMIN,2190,1,0,0,-99,0,no wheel on or above road,07669b8edeb9921cb214993296ef0e3189f04870c1dda496f506e55ed3b9ec17
R0017.RPL,rejection_candidate,2188,1534,630,0,finish,PMIN,630,0,0,15,34,1,stunt route incomplete,07669b8edeb9921cb214993296ef0e3189f04870c1dda496f506e55ed3b9ec17
R0018.RPL,rejection_candidate,2109,1460,627,2046,finish,PMIN,627,0,0,15,34,1,stunt route incomplete,07669b8edeb9921cb214993296ef0e3189f04870c1dda496f506e55ed3b9ec17
R0019.RPL,rejection_candidate,1921,1300,599,474,finish,PMIN,474,1,0,0,31,2,no wheel on or above road,07669b8edeb9921cb214993296ef0e3189f04870c1dda496f506e55ed3b9ec17
R0020.RPL,no_additional_violation_detected,1843,0,0,0,finish,PMIN,,,,,,,,9e46bbb5ed81a9a1f1ad9bc1d7e063b7c74868a6adffbf0de01451a45aae67ce
R0021.RPL,no_additional_violation_detected,1824,0,0,0,finish,PMIN,,,,,,,,9e46bbb5ed81a9a1f1ad9bc1d7e063b7c74868a6adffbf0de01451a45aae67ce
R0022.RPL,no_additional_violation_detected,1996,0,0,0,finish,PMIN,,,,,,,,9e46bbb5ed81a9a1f1ad9bc1d7e063b7c74868a6adffbf0de01451a45aae67ce
R0023.RPL,no_additional_violation_detected,1823,0,0,0,finish,PMIN,,,,,,,,9e46bbb5ed81a9a1f1ad9bc1d7e063b7c74868a6adffbf0de01451a45aae67ce
R0024.RPL,no_additional_violation_detected,1775,0,0,0,finish,PMIN,,,,,,,,9e46bbb5ed81a9a1f1ad9bc1d7e063b7c74868a6adffbf0de01451a45aae67ce
R0025.RPL,no_additional_violation_detected,1661,0,0,0,finish,PMIN,,,,,,,,9e46bbb5ed81a9a1f1ad9bc1d7e063b7c74868a6adffbf0de01451a45aae67ce
R0026.RPL,rejection_candidate,1656,1366,275,238,finish,PMIN,238,1,0,0,26,1,no wheel on or above road,9e46bbb5ed81a9a1f1ad9bc1d7e063b7c74868a6adffbf0de01451a45aae67ce
R0027.RPL,no_additional_violation_detected,1640,0,0,0,finish,PMIN,,,,,,,,9e46bbb5ed81a9a1f1ad9bc1d7e063b7c74868a6adffbf0de01451a45aae67ce
R0028.RPL,no_additional_violation_detected,2376,0,0,0,finish,SUKA,,,,,,,,9d0c5e3c6ea1b581856dd425561110dbc4d4a9e207eea10bc602006d2127f3f6
R0029.RPL,no_additional_violation_detected,2240,0,0,0,finish,SUKA,,,,,,,,9d0c5e3c6ea1b581856dd425561110dbc4d4a9e207eea10bc602006d2127f3f6
R0030.RPL,no_additional_violation_detected,2224,0,0,0,finish,SUKA,,,,,,,,9d0c5e3c6ea1b581856dd425561110dbc4d4a9e207eea10bc602006d2127f3f6
R0031.RPL,rejection_candidate,2210,2,0,2054,finish,SUKA,2054,1,0,0,35,5,no wheel on or above road,9d0c5e3c6ea1b581856dd425561110dbc4d4a9e207eea10bc602006d2127f3f6
R0032.RPL,no_additional_violation_detected,2338,0,0,0,finish,SUKA,,,,,,,,9d0c5e3c6ea1b581856dd425561110dbc4d4a9e207eea10bc602006d2127f3f6
R0033.RPL,no_additional_violation_detected,2257,0,0,0,finish,SUKA,,,,,,,,9d0c5e3c6ea1b581856dd425561110dbc4d4a9e207eea10bc602006d2127f3f6
R0034.RPL,rejection_candidate,2286,141,2133,2112,finish,SUKA,2112,1,0,0,35,1,no wheel on or above road,9d0c5e3c6ea1b581856dd425561110dbc4d4a9e207eea10bc602006d2127f3f6
R0035.RPL,no_additional_violation_detected,2334,0,0,0,finish,SUKA,,,,,,,,9d0c5e3c6ea1b581856dd425561110dbc4d4a9e207eea10bc602006d2127f3f6
R0036.RPL,rejection_candidate,2306,1,0,886,finish,SUKA,886,1,0,0,-99,0,no wheel on or above road,9d0c5e3c6ea1b581856dd425561110dbc4d4a9e207eea10bc602006d2127f3f6
R0037.RPL,rejection_candidate,2223,1,0,2066,finish,SUKA,2066,1,0,0,35,5,no wheel on or above road,9d0c5e3c6ea1b581856dd425561110dbc4d4a9e207eea10bc602006d2127f3f6
R0038.RPL,rejection_candidate,2256,81,0,789,finish,SUKA,789,1,0,0,-99,0,no wheel on or above road,9d0c5e3c6ea1b581856dd425561110dbc4d4a9e207eea10bc602006d2127f3f6
R0039.RPL,rejection_candidate,2159,901,1244,1220,finish,SUKA,1220,1,0,0,26,8,no wheel on or above road,9d0c5e3c6ea1b581856dd425561110dbc4d4a9e207eea10bc602006d2127f3f6
R0040.RPL,no_additional_violation_detected,2174,0,0,0,finish,SUKA,,,,,,,,9d0c5e3c6ea1b581856dd425561110dbc4d4a9e207eea10bc602006d2127f3f6
R0041.RPL,no_additional_violation_detected,2200,0,0,0,finish,SUKA,,,,,,,,9d0c5e3c6ea1b581856dd425561110dbc4d4a9e207eea10bc602006d2127f3f6
R0042.RPL,no_additional_violation_detected,2197,0,0,0,finish,SUKA,,,,,,,,9d0c5e3c6ea1b581856dd425561110dbc4d4a9e207eea10bc602006d2127f3f6
R0043.RPL,rejection_candidate,2170,1,0,2015,finish,SUKA,2015,1,0,0,35,5,no wheel on or above road,9d0c5e3c6ea1b581856dd425561110dbc4d4a9e207eea10bc602006d2127f3f6
R0044.RPL,no_additional_violation_detected,2167,0,0,0,finish,SUKA,,,,,,,,9d0c5e3c6ea1b581856dd425561110dbc4d4a9e207eea10bc602006d2127f3f6
R0045.RPL,no_additional_violation_detected,2256,0,0,0,finish,SUKA,,,,,,,,9d0c5e3c6ea1b581856dd425561110dbc4d4a9e207eea10bc602006d2127f3f6
R0046.RPL,no_additional_violation_detected,2362,0,0,0,finish,SUKA,,,,,,,,9d0c5e3c6ea1b581856dd425561110dbc4d4a9e207eea10bc602006d2127f3f6
R0047.RPL,no_additional_violation_detected,2436,0,0,0,finish,SUKA,,,,,,,,9d0c5e3c6ea1b581856dd425561110dbc4d4a9e207eea10bc602006d2127f3f6
R0048.RPL,rejection_candidate,2155,1,0,2007,finish,SUKA,2007,1,0,0,35,5,no wheel on or above road,9d0c5e3c6ea1b581856dd425561110dbc4d4a9e207eea10bc602006d2127f3f6
R0049.RPL,no_additional_violation_detected,2356,0,0,0,finish,SUKA,,,,,,,,9d0c5e3c6ea1b581856dd425561110dbc4d4a9e207eea10bc602006d2127f3f6
R0050.RPL,no_additional_violation_detected,2248,0,0,0,finish,SUKA,,,,,,,,9d0c5e3c6ea1b581856dd425561110dbc4d4a9e207eea10bc602006d2127f3f6
R0051.RPL,no_additional_violation_detected,2221,0,0,0,finish,SUKA,,,,,,,,9d0c5e3c6ea1b581856dd425561110dbc4d4a9e207eea10bc602006d2127f3f6
R0052.RPL,no_additional_violation_detected,2292,0,0,0,finish,SUKA,,,,,,,,9d0c5e3c6ea1b581856dd425561110dbc4d4a9e207eea10bc602006d2127f3f6
R0053.RPL,no_additional_violation_detected,2287,0,0,0,finish,SUKA,,,,,,,,9d0c5e3c6ea1b581856dd425561110dbc4d4a9e207eea10bc602006d2127f3f6
R0054.RPL,no_additional_violation_detected,2721,0,0,0,finish,DAUD,,,,,,,,d1bfcb2b6269f99d8f21a6d59af8ffb0839fad90d5c57f6c82958265fab2d38c
R0055.RPL,no_additional_violation_detected,2638,0,0,0,finish,DBMW,,,,,,,,d1bfcb2b6269f99d8f21a6d59af8ffb0839fad90d5c57f6c82958265fab2d38c
R0056.RPL,no_additional_violation_detected,2669,0,0,0,finish,DMCB,,,,,,,,d1bfcb2b6269f99d8f21a6d59af8ffb0839fad90d5c57f6c82958265fab2d38c
R0057.RPL,no_additional_violation_detected,2845,0,0,0,finish,DBMW,,,,,,,,d1bfcb2b6269f99d8f21a6d59af8ffb0839fad90d5c57f6c82958265fab2d38c
R0058.RPL,no_additional_violation_detected,2685,0,0,0,finish,DMCB,,,,,,,,d1bfcb2b6269f99d8f21a6d59af8ffb0839fad90d5c57f6c82958265fab2d38c
R0059.RPL,no_additional_violation_detected,2651,0,0,0,finish,DMCB,,,,,,,,d1bfcb2b6269f99d8f21a6d59af8ffb0839fad90d5c57f6c82958265fab2d38c
R0060.RPL,rejection_candidate,2641,3,0,1680,finish,DBMW,1680,1,0,0,-99,0,no wheel on or above road,d1bfcb2b6269f99d8f21a6d59af8ffb0839fad90d5c57f6c82958265fab2d38c
R0061.RPL,no_additional_violation_detected,2570,0,0,0,finish,DBMW,,,,,,,,d1bfcb2b6269f99d8f21a6d59af8ffb0839fad90d5c57f6c82958265fab2d38c
R0062.RPL,no_additional_violation_detected,2546,0,0,0,finish,DAUD,,,,,,,,d1bfcb2b6269f99d8f21a6d59af8ffb0839fad90d5c57f6c82958265fab2d38c
R0063.RPL,rejection_candidate,2865,1,0,1457,finish,DAUD,1457,1,0,0,35,5,no wheel on or above road,d1bfcb2b6269f99d8f21a6d59af8ffb0839fad90d5c57f6c82958265fab2d38c
R0064.RPL,rejection_candidate,2869,2,0,1633,finish,DAUD,1633,1,0,0,31,2,no wheel on or above road,d1bfcb2b6269f99d8f21a6d59af8ffb0839fad90d5c57f6c82958265fab2d38c
R0065.RPL,no_additional_violation_detected,2771,0,0,0,finish,DBMW,,,,,,,,d1bfcb2b6269f99d8f21a6d59af8ffb0839fad90d5c57f6c82958265fab2d38c
R0066.RPL,rejection_candidate,2708,8,0,1381,finish,DMCB,1381,1,0,0,-99,0,no wheel on or above road,d1bfcb2b6269f99d8f21a6d59af8ffb0839fad90d5c57f6c82958265fab2d38c
R0067.RPL,no_additional_violation_detected,2809,0,0,0,finish,DBMW,,,,,,,,d1bfcb2b6269f99d8f21a6d59af8ffb0839fad90d5c57f6c82958265fab2d38c
R0068.RPL,no_additional_violation_detected,2571,0,0,0,finish,DMCB,,,,,,,,d1bfcb2b6269f99d8f21a6d59af8ffb0839fad90d5c57f6c82958265fab2d38c
R0069.RPL,no_additional_violation_detected,2684,0,0,0,finish,DBMW,,,,,,,,d1bfcb2b6269f99d8f21a6d59af8ffb0839fad90d5c57f6c82958265fab2d38c
R0070.RPL,no_additional_violation_detected,2736,0,0,0,finish,DAUD,,,,,,,,d1bfcb2b6269f99d8f21a6d59af8ffb0839fad90d5c57f6c82958265fab2d38c
R0071.RPL,no_additional_violation_detected,2722,0,0,0,finish,DBMW,,,,,,,,d1bfcb2b6269f99d8f21a6d59af8ffb0839fad90d5c57f6c82958265fab2d38c
R0072.RPL,no_additional_violation_detected,2578,0,0,0,finish,DBMW,,,,,,,,d1bfcb2b6269f99d8f21a6d59af8ffb0839fad90d5c57f6c82958265fab2d38c
R0073.RPL,no_additional_violation_detected,2644,0,0,0,finish,DAUD,,,,,,,,d1bfcb2b6269f99d8f21a6d59af8ffb0839fad90d5c57f6c82958265fab2d38c
R0074.RPL,no_additional_violation_detected,2658,0,0,0,finish,DMCB,,,,,,,,d1bfcb2b6269f99d8f21a6d59af8ffb0839fad90d5c57f6c82958265fab2d38c
R0075.RPL,rejection_candidate,2628,1,0,1865,finish,DAUD,1865,1,0,0,-99,0,no wheel on or above road,d1bfcb2b6269f99d8f21a6d59af8ffb0839fad90d5c57f6c82958265fab2d38c
R0076.RPL,no_additional_violation_detected,2644,0,0,0,finish,DAUD,,,,,,,,d1bfcb2b6269f99d8f21a6d59af8ffb0839fad90d5c57f6c82958265fab2d38c
R0077.RPL,no_additional_violation_detected,2612,0,0,0,finish,DAUD,,,,,,,,d1bfcb2b6269f99d8f21a6d59af8ffb0839fad90d5c57f6c82958265fab2d38c
R0078.RPL,no_additional_violation_detected,2604,0,0,0,finish,DMCB,,,,,,,,d1bfcb2b6269f99d8f21a6d59af8ffb0839fad90d5c57f6c82958265fab2d38c
R0079.RPL,no_additional_violation_detected,1804,0,0,0,finish,XCFX,,,,,,,,5166c84d764cff717fbd8575e78606ad36268f3fb85fb131077ae4ce52363178
R0080.RPL,no_additional_violation_detected,1863,0,0,0,finish,XCFX,,,,,,,,5166c84d764cff717fbd8575e78606ad36268f3fb85fb131077ae4ce52363178
R0081.RPL,no_additional_violation_detected,1871,0,0,0,finish,XCFX,,,,,,,,5166c84d764cff717fbd8575e78606ad36268f3fb85fb131077ae4ce52363178
R0082.RPL,no_additional_violation_detected,1786,0,0,0,finish,XCFX,,,,,,,,5166c84d764cff717fbd8575e78606ad36268f3fb85fb131077ae4ce52363178
R0083.RPL,no_additional_violation_detected,1747,0,0,0,finish,XCFX,,,,,,,,5166c84d764cff717fbd8575e78606ad36268f3fb85fb131077ae4ce52363178
R0084.RPL,no_additional_violation_detected,1737,0,0,0,finish,XCFX,,,,,,,,5166c84d764cff717fbd8575e78606ad36268f3fb85fb131077ae4ce52363178
R0085.RPL,no_additional_violation_detected,1699,0,0,0,finish,XCFX,,,,,,,,5166c84d764cff717fbd8575e78606ad36268f3fb85fb131077ae4ce52363178
R0086.RPL,no_additional_violation_detected,1647,0,0,0,finish,XCFX,,,,,,,,5166c84d764cff717fbd8575e78606ad36268f3fb85fb131077ae4ce52363178
R0087.RPL,no_additional_violation_detected,1632,0,0,0,finish,XCFX,,,,,,,,5166c84d764cff717fbd8575e78606ad36268f3fb85fb131077ae4ce52363178
R0088.RPL,no_additional_violation_detected,1900,0,0,0,finish,XCFX,,,,,,,,5166c84d764cff717fbd8575e78606ad36268f3fb85fb131077ae4ce52363178
R0089.RPL,no_additional_violation_detected,1875,0,0,0,finish,XCFX,,,,,,,,5166c84d764cff717fbd8575e78606ad36268f3fb85fb131077ae4ce52363178
R0090.RPL,no_additional_violation_detected,1868,0,0,0,finish,XCFX,,,,,,,,5166c84d764cff717fbd8575e78606ad36268f3fb85fb131077ae4ce52363178
R0091.RPL,no_additional_violation_detected,1852,0,0,0,finish,XCFX,,,,,,,,5166c84d764cff717fbd8575e78606ad36268f3fb85fb131077ae4ce52363178
R0092.RPL,no_additional_violation_detected,1804,0,0,0,finish,XCFX,,,,,,,,5166c84d764cff717fbd8575e78606ad36268f3fb85fb131077ae4ce52363178
R0093.RPL,no_additional_violation_detected,1758,0,0,0,finish,XCFX,,,,,,,,5166c84d764cff717fbd8575e78606ad36268f3fb85fb131077ae4ce52363178
R0094.RPL,no_additional_violation_detected,1712,0,0,0,finish,XCFX,,,,,,,,5166c84d764cff717fbd8575e78606ad36268f3fb85fb131077ae4ce52363178
R0095.RPL,no_additional_violation_detected,1682,0,0,0,finish,XCFX,,,,,,,,5166c84d764cff717fbd8575e78606ad36268f3fb85fb131077ae4ce52363178
R0096.RPL,rejection_candidate,2167,26,0,607,finish,PMIN,607,1,0,0,-99,0,no wheel on or above road,3e08e629fe86f17b08efe5db26718687cd3245bacb331bb97fd95bc92aedefb0
R0097.RPL,rejection_candidate,2127,15,0,610,finish,PMIN,610,1,0,0,-99,0,no wheel on or above road,3e08e629fe86f17b08efe5db26718687cd3245bacb331bb97fd95bc92aedefb0
R0098.RPL,rejection_candidate,2104,19,0,611,finish,PMIN,611,1,0,0,-99,0,no wheel on or above road,3e08e629fe86f17b08efe5db26718687cd3245bacb331bb97fd95bc92aedefb0
R0099.RPL,rejection_candidate,2077,21,0,596,finish,PMIN,596,1,0,0,-99,0,no wheel on or above road,3e08e629fe86f17b08efe5db26718687cd3245bacb331bb97fd95bc92aedefb0
R0100.RPL,rejection_candidate,1944,19,0,582,finish,PMIN,582,1,0,0,-99,0,no wheel on or above road,3e08e629fe86f17b08efe5db26718687cd3245bacb331bb97fd95bc92aedefb0
R0101.RPL,rejection_candidate,1922,14,0,580,finish,PMIN,580,1,0,0,-99,0,no wheel on or above road,3e08e629fe86f17b08efe5db26718687cd3245bacb331bb97fd95bc92aedefb0
R0102.RPL,rejection_candidate,1898,19,0,582,finish,PMIN,582,1,0,0,-99,0,no wheel on or above road,3e08e629fe86f17b08efe5db26718687cd3245bacb331bb97fd95bc92aedefb0
R0103.RPL,rejection_candidate,2025,18,0,587,finish,PMIN,587,1,0,0,-99,0,no wheel on or above road,3e08e629fe86f17b08efe5db26718687cd3245bacb331bb97fd95bc92aedefb0
R0104.RPL,rejection_candidate,2067,23,0,606,finish,PMIN,606,1,0,0,-99,0,no wheel on or above road,3e08e629fe86f17b08efe5db26718687cd3245bacb331bb97fd95bc92aedefb0
R0105.RPL,rejection_candidate,1930,351,1158,576,finish,PMIN,576,1,0,0,-99,0,no wheel on or above road,3e08e629fe86f17b08efe5db26718687cd3245bacb331bb97fd95bc92aedefb0
R0106.RPL,rejection_candidate,2266,192,302,588,finish,PMIN,302,0,0,15,28,0,stunt route incomplete,3e08e629fe86f17b08efe5db26718687cd3245bacb331bb97fd95bc92aedefb0
R0107.RPL,rejection_candidate,1955,18,0,586,finish,PMIN,586,1,0,0,-99,0,no wheel on or above road,3e08e629fe86f17b08efe5db26718687cd3245bacb331bb97fd95bc92aedefb0
R0108.RPL,rejection_candidate,2173,19,0,612,finish,PMIN,612,1,0,0,-99,0,no wheel on or above road,3e08e629fe86f17b08efe5db26718687cd3245bacb331bb97fd95bc92aedefb0
R0109.RPL,rejection_candidate,1965,17,0,616,finish,PMIN,616,1,0,0,-99,0,no wheel on or above road,3e08e629fe86f17b08efe5db26718687cd3245bacb331bb97fd95bc92aedefb0
R0110.RPL,rejection_candidate,2120,15,0,627,finish,PMIN,627,1,0,0,-99,0,no wheel on or above road,3e08e629fe86f17b08efe5db26718687cd3245bacb331bb97fd95bc92aedefb0
R0111.RPL,rejection_candidate,2062,17,0,594,finish,PMIN,594,1,0,0,-99,0,no wheel on or above road,3e08e629fe86f17b08efe5db26718687cd3245bacb331bb97fd95bc92aedefb0
R0112.RPL,rejection_candidate,2003,15,0,588,finish,PMIN,588,1,0,0,-99,0,no wheel on or above road,3e08e629fe86f17b08efe5db26718687cd3245bacb331bb97fd95bc92aedefb0
R0113.RPL,rejection_candidate,2304,19,0,658,finish,PMIN,658,1,0,0,-99,0,no wheel on or above road,3e08e629fe86f17b08efe5db26718687cd3245bacb331bb97fd95bc92aedefb0
R0114.RPL,no_additional_violation_detected,1529,0,0,0,finish,GATE,,,,,,,,886de8d57cffeca03e7d35418e71e3d8572e58d9659cffb6466cda00c99c0dd4
R0115.RPL,no_additional_violation_detected,1555,0,0,0,finish,GATE,,,,,,,,886de8d57cffeca03e7d35418e71e3d8572e58d9659cffb6466cda00c99c0dd4
R0116.RPL,rejection_candidate,1500,16,0,423,finish,GATE,423,1,0,0,-99,0,no wheel on or above road,886de8d57cffeca03e7d35418e71e3d8572e58d9659cffb6466cda00c99c0dd4
R0117.RPL,no_additional_violation_detected,1501,0,0,0,finish,GATE,,,,,,,,886de8d57cffeca03e7d35418e71e3d8572e58d9659cffb6466cda00c99c0dd4
R0118.RPL,rejection_candidate,1498,1,0,269,finish,GATE,269,1,0,0,31,2,no wheel on or above road,886de8d57cffeca03e7d35418e71e3d8572e58d9659cffb6466cda00c99c0dd4
R0119.RPL,no_additional_violation_detected,1719,0,0,0,finish,GATE,,,,,,,,886de8d57cffeca03e7d35418e71e3d8572e58d9659cffb6466cda00c99c0dd4
R0120.RPL,no_additional_violation_detected,1731,0,0,0,finish,GATE,,,,,,,,886de8d57cffeca03e7d35418e71e3d8572e58d9659cffb6466cda00c99c0dd4
R0121.RPL,no_additional_violation_detected,1471,0,0,0,finish,GATE,,,,,,,,886de8d57cffeca03e7d35418e71e3d8572e58d9659cffb6466cda00c99c0dd4
R0122.RPL,rejection_candidate,1456,2,728,692,finish,GATE,692,1,0,0,31,2,no wheel on or above road,886de8d57cffeca03e7d35418e71e3d8572e58d9659cffb6466cda00c99c0dd4
R0123.RPL,rejection_candidate,1593,1138,440,436,finish,GATE,436,1,0,0,23,1,no wheel on or above road,886de8d57cffeca03e7d35418e71e3d8572e58d9659cffb6466cda00c99c0dd4
R0124.RPL,no_additional_violation_detected,1643,0,0,0,finish,GATE,,,,,,,,886de8d57cffeca03e7d35418e71e3d8572e58d9659cffb6466cda00c99c0dd4
R0125.RPL,rejection_candidate,1763,1,0,280,finish,GATE,280,1,0,0,31,2,no wheel on or above road,886de8d57cffeca03e7d35418e71e3d8572e58d9659cffb6466cda00c99c0dd4
R0126.RPL,no_additional_violation_detected,1635,0,0,0,finish,GATE,,,,,,,,886de8d57cffeca03e7d35418e71e3d8572e58d9659cffb6466cda00c99c0dd4
R0127.RPL,rejection_candidate,1588,3,0,430,finish,GATE,430,1,0,0,23,2,no wheel on or above road,886de8d57cffeca03e7d35418e71e3d8572e58d9659cffb6466cda00c99c0dd4
R0128.RPL,no_additional_violation_detected,1622,0,0,0,finish,GATE,,,,,,,,886de8d57cffeca03e7d35418e71e3d8572e58d9659cffb6466cda00c99c0dd4
R0129.RPL,no_additional_violation_detected,2004,0,0,0,finish,CDOR,,,,,,,,0e92d732a4028e9dc9292ee41aa9bc5ccbc9524b41526ca4878a01ecf1c61b5b
R0130.RPL,rejection_candidate,1898,4,0,1344,finish,CDOR,1344,1,0,0,-99,0,no wheel on or above road,0e92d732a4028e9dc9292ee41aa9bc5ccbc9524b41526ca4878a01ecf1c61b5b
R0131.RPL,no_additional_violation_detected,1868,0,0,0,finish,CDOR,,,,,,,,0e92d732a4028e9dc9292ee41aa9bc5ccbc9524b41526ca4878a01ecf1c61b5b
R0132.RPL,no_additional_violation_detected,1833,0,0,0,finish,CDOR,,,,,,,,0e92d732a4028e9dc9292ee41aa9bc5ccbc9524b41526ca4878a01ecf1c61b5b
R0133.RPL,rejection_candidate,1824,2,0,609,finish,CDOR,609,1,0,0,-99,0,no wheel on or above road,0e92d732a4028e9dc9292ee41aa9bc5ccbc9524b41526ca4878a01ecf1c61b5b
R0134.RPL,no_additional_violation_detected,1812,0,0,0,finish,CDOR,,,,,,,,0e92d732a4028e9dc9292ee41aa9bc5ccbc9524b41526ca4878a01ecf1c61b5b
R0135.RPL,rejection_candidate,1871,95,951,917,finish,CDOR,917,1,0,0,26,0,no wheel on or above road,0e92d732a4028e9dc9292ee41aa9bc5ccbc9524b41526ca4878a01ecf1c61b5b
R0136.RPL,no_additional_violation_detected,1937,0,0,0,finish,CDOR,,,,,,,,0e92d732a4028e9dc9292ee41aa9bc5ccbc9524b41526ca4878a01ecf1c61b5b
R0137.RPL,no_additional_violation_detected,2070,0,0,0,finish,CDOR,,,,,,,,0e92d732a4028e9dc9292ee41aa9bc5ccbc9524b41526ca4878a01ecf1c61b5b
R0138.RPL,no_additional_violation_detected,1861,0,0,0,finish,CDOR,,,,,,,,0e92d732a4028e9dc9292ee41aa9bc5ccbc9524b41526ca4878a01ecf1c61b5b
R0139.RPL,no_additional_violation_detected,1841,0,0,0,finish,CDOR,,,,,,,,0e92d732a4028e9dc9292ee41aa9bc5ccbc9524b41526ca4878a01ecf1c61b5b
R0140.RPL,no_additional_violation_detected,2135,0,0,0,finish,CDOR,,,,,,,,0e92d732a4028e9dc9292ee41aa9bc5ccbc9524b41526ca4878a01ecf1c61b5b
R0141.RPL,no_additional_violation_detected,1982,0,0,0,finish,CDOR,,,,,,,,0e92d732a4028e9dc9292ee41aa9bc5ccbc9524b41526ca4878a01ecf1c61b5b
R0142.RPL,no_additional_violation_detected,1945,0,0,0,finish,CDOR,,,,,,,,0e92d732a4028e9dc9292ee41aa9bc5ccbc9524b41526ca4878a01ecf1c61b5b
R0143.RPL,rejection_candidate,1847,136,525,0,finish,CDOR,525,0,0,15,34,0,stunt route incomplete,0e92d732a4028e9dc9292ee41aa9bc5ccbc9524b41526ca4878a01ecf1c61b5b
R0144.RPL,no_additional_violation_detected,2005,0,0,0,finish,CDOR,,,,,,,,0e92d732a4028e9dc9292ee41aa9bc5ccbc9524b41526ca4878a01ecf1c61b5b
R0145.RPL,no_additional_violation_detected,1951,0,0,0,finish,CDOR,,,,,,,,0e92d732a4028e9dc9292ee41aa9bc5ccbc9524b41526ca4878a01ecf1c61b5b
R0146.RPL,no_additional_violation_detected,1901,0,0,0,finish,CDOR,,,,,,,,0e92d732a4028e9dc9292ee41aa9bc5ccbc9524b41526ca4878a01ecf1c61b5b
R0147.RPL,rejection_candidate,2036,2,0,463,finish,P962,463,1,0,0,-99,0,no wheel on or above road,e52b1c75b4856fc93a31d9ca4d08961d20c9a562febb0f5d95641ef7eadb6322
R0148.RPL,rejection_candidate,2068,13,0,448,finish,P962,448,1,0,0,-99,0,no wheel on or above road,e52b1c75b4856fc93a31d9ca4d08961d20c9a562febb0f5d95641ef7eadb6322
R0149.RPL,no_additional_violation_detected,2304,0,0,0,finish,P962,,,,,,,,e52b1c75b4856fc93a31d9ca4d08961d20c9a562febb0f5d95641ef7eadb6322
R0150.RPL,rejection_candidate,2146,11,2105,0,finish,P962,2105,0,0,15,34,0,stunt route incomplete,e52b1c75b4856fc93a31d9ca4d08961d20c9a562febb0f5d95641ef7eadb6322
R0151.RPL,rejection_candidate,2359,13,2318,305,finish,P962,305,1,0,0,-99,0,no wheel on or above road,e52b1c75b4856fc93a31d9ca4d08961d20c9a562febb0f5d95641ef7eadb6322
R0152.RPL,no_additional_violation_detected,2027,0,0,0,finish,P962,,,,,,,,e52b1c75b4856fc93a31d9ca4d08961d20c9a562febb0f5d95641ef7eadb6322
R0153.RPL,rejection_candidate,1982,1,0,1872,finish,P962,1872,1,0,0,31,2,no wheel on or above road,e52b1c75b4856fc93a31d9ca4d08961d20c9a562febb0f5d95641ef7eadb6322
R0154.RPL,rejection_candidate,2140,814,743,284,finish,P962,284,1,0,0,-99,0,no wheel on or above road,e52b1c75b4856fc93a31d9ca4d08961d20c9a562febb0f5d95641ef7eadb6322
R0155.RPL,no_additional_violation_detected,1540,0,0,0,finish,DMCB,,,,,,,,d596dceb76adfb7bbfca4e3d9dc56faa8011f36c7ce8cc4adb4fafb761fe3f6c
R0156.RPL,rejection_candidate,1463,4,0,1246,finish,DMCB,1246,1,0,0,-99,0,no wheel on or above road,d596dceb76adfb7bbfca4e3d9dc56faa8011f36c7ce8cc4adb4fafb761fe3f6c
R0157.RPL,rejection_candidate,1954,970,261,0,finish,DAUD,261,0,0,15,34,0,stunt route incomplete,d596dceb76adfb7bbfca4e3d9dc56faa8011f36c7ce8cc4adb4fafb761fe3f6c
R0158.RPL,no_additional_violation_detected,1522,0,0,0,finish,DBMW,,,,,,,,d596dceb76adfb7bbfca4e3d9dc56faa8011f36c7ce8cc4adb4fafb761fe3f6c
R0159.RPL,rejection_candidate,1553,573,260,0,finish,DMCB,260,0,0,15,34,0,stunt route incomplete,d596dceb76adfb7bbfca4e3d9dc56faa8011f36c7ce8cc4adb4fafb761fe3f6c
R0160.RPL,rejection_candidate,1567,564,261,0,finish,DMCB,261,0,0,15,34,0,stunt route incomplete,d596dceb76adfb7bbfca4e3d9dc56faa8011f36c7ce8cc4adb4fafb761fe3f6c
R0161.RPL,rejection_candidate,1450,5,0,1225,finish,DMCB,1225,1,0,0,-99,0,no wheel on or above road,d596dceb76adfb7bbfca4e3d9dc56faa8011f36c7ce8cc4adb4fafb761fe3f6c
R0162.RPL,no_additional_violation_detected,1427,0,0,0,finish,DMCB,,,,,,,,d596dceb76adfb7bbfca4e3d9dc56faa8011f36c7ce8cc4adb4fafb761fe3f6c
R0163.RPL,no_additional_violation_detected,1426,0,0,0,finish,DMCB,,,,,,,,d596dceb76adfb7bbfca4e3d9dc56faa8011f36c7ce8cc4adb4fafb761fe3f6c
R0164.RPL,no_additional_violation_detected,1417,0,0,0,finish,DMCB,,,,,,,,d596dceb76adfb7bbfca4e3d9dc56faa8011f36c7ce8cc4adb4fafb761fe3f6c
R0165.RPL,rejection_candidate,1453,1,0,520,finish,DMCB,520,1,0,0,35,5,no wheel on or above road,d596dceb76adfb7bbfca4e3d9dc56faa8011f36c7ce8cc4adb4fafb761fe3f6c
R0166.RPL,no_additional_violation_detected,1498,0,0,0,finish,DMCB,,,,,,,,d596dceb76adfb7bbfca4e3d9dc56faa8011f36c7ce8cc4adb4fafb761fe3f6c
R0167.RPL,no_additional_violation_detected,2512,0,0,0,finish,DMCB,,,,,,,,d596dceb76adfb7bbfca4e3d9dc56faa8011f36c7ce8cc4adb4fafb761fe3f6c
R0168.RPL,no_additional_violation_detected,1469,0,0,0,finish,DMCB,,,,,,,,d596dceb76adfb7bbfca4e3d9dc56faa8011f36c7ce8cc4adb4fafb761fe3f6c
R0169.RPL,no_additional_violation_detected,1610,0,0,0,finish,DMCB,,,,,,,,d596dceb76adfb7bbfca4e3d9dc56faa8011f36c7ce8cc4adb4fafb761fe3f6c
R0170.RPL,no_additional_violation_detected,1502,0,0,0,finish,JAGU,,,,,,,,8de77f83333a219e9420bc2eac94b0035f88cc3edce17ea771c0c2b75acb5d3c
R0171.RPL,no_additional_violation_detected,1554,0,0,0,finish,JAGU,,,,,,,,8de77f83333a219e9420bc2eac94b0035f88cc3edce17ea771c0c2b75acb5d3c
R0172.RPL,no_additional_violation_detected,1422,0,0,0,finish,JAGU,,,,,,,,8de77f83333a219e9420bc2eac94b0035f88cc3edce17ea771c0c2b75acb5d3c
R0173.RPL,no_additional_violation_detected,1392,0,0,0,finish,JAGU,,,,,,,,8de77f83333a219e9420bc2eac94b0035f88cc3edce17ea771c0c2b75acb5d3c
R0174.RPL,no_additional_violation_detected,1407,0,0,0,finish,JAGU,,,,,,,,8de77f83333a219e9420bc2eac94b0035f88cc3edce17ea771c0c2b75acb5d3c
R0175.RPL,no_additional_violation_detected,1420,0,0,0,finish,JAGU,,,,,,,,8de77f83333a219e9420bc2eac94b0035f88cc3edce17ea771c0c2b75acb5d3c
R0176.RPL,rejection_candidate,1367,3,0,481,finish,JAGU,481,1,0,0,-99,0,no wheel on or above road,8de77f83333a219e9420bc2eac94b0035f88cc3edce17ea771c0c2b75acb5d3c
R0177.RPL,no_additional_violation_detected,1404,0,0,0,finish,JAGU,,,,,,,,8de77f83333a219e9420bc2eac94b0035f88cc3edce17ea771c0c2b75acb5d3c
R0178.RPL,no_additional_violation_detected,1714,0,0,0,finish,JAGU,,,,,,,,8de77f83333a219e9420bc2eac94b0035f88cc3edce17ea771c0c2b75acb5d3c
R0179.RPL,no_additional_violation_detected,1477,0,0,0,finish,JAGU,,,,,,,,8de77f83333a219e9420bc2eac94b0035f88cc3edce17ea771c0c2b75acb5d3c
R0180.RPL,no_additional_violation_detected,1481,0,0,0,finish,JAGU,,,,,,,,8de77f83333a219e9420bc2eac94b0035f88cc3edce17ea771c0c2b75acb5d3c
R0181.RPL,no_additional_violation_detected,1939,0,0,0,finish,PMIN,,,,,,,,10235e8eb83d4bd562dcc0859e1f620dee9fb51e81cda73106c6cd7f7334a406
R0182.RPL,no_additional_violation_detected,1927,0,0,0,finish,PMIN,,,,,,,,10235e8eb83d4bd562dcc0859e1f620dee9fb51e81cda73106c6cd7f7334a406
R0183.RPL,no_additional_violation_detected,1911,0,0,0,finish,PMIN,,,,,,,,10235e8eb83d4bd562dcc0859e1f620dee9fb51e81cda73106c6cd7f7334a406
R0184.RPL,no_additional_violation_detected,2037,0,0,0,finish,PMIN,,,,,,,,10235e8eb83d4bd562dcc0859e1f620dee9fb51e81cda73106c6cd7f7334a406
R0185.RPL,rejection_candidate,1903,7,0,191,finish,PMIN,191,1,0,0,-99,0,no wheel on or above road,10235e8eb83d4bd562dcc0859e1f620dee9fb51e81cda73106c6cd7f7334a406
R0186.RPL,no_additional_violation_detected,1883,0,0,0,finish,PMIN,,,,,,,,10235e8eb83d4bd562dcc0859e1f620dee9fb51e81cda73106c6cd7f7334a406
R0187.RPL,no_additional_violation_detected,1779,0,0,0,finish,PMIN,,,,,,,,10235e8eb83d4bd562dcc0859e1f620dee9fb51e81cda73106c6cd7f7334a406
R0188.RPL,no_additional_violation_detected,1877,0,0,0,finish,PMIN,,,,,,,,10235e8eb83d4bd562dcc0859e1f620dee9fb51e81cda73106c6cd7f7334a406
R0189.RPL,no_additional_violation_detected,1836,0,0,0,finish,PMIN,,,,,,,,10235e8eb83d4bd562dcc0859e1f620dee9fb51e81cda73106c6cd7f7334a406
R0190.RPL,no_additional_violation_detected,1832,0,0,0,finish,PMIN,,,,,,,,10235e8eb83d4bd562dcc0859e1f620dee9fb51e81cda73106c6cd7f7334a406
R0191.RPL,no_additional_violation_detected,1830,0,0,0,finish,PMIN,,,,,,,,10235e8eb83d4bd562dcc0859e1f620dee9fb51e81cda73106c6cd7f7334a406
R0192.RPL,no_additional_violation_detected,1814,0,0,0,finish,PMIN,,,,,,,,10235e8eb83d4bd562dcc0859e1f620dee9fb51e81cda73106c6cd7f7334a406
R0193.RPL,no_additional_violation_detected,2747,0,0,0,finish,XCFX,,,,,,,,ab4b3438cc841c9c30db5d5ed36233ba0513fe199da392de82f83c2d8b805696
R0194.RPL,no_additional_violation_detected,2716,0,0,0,finish,XCFX,,,,,,,,ab4b3438cc841c9c30db5d5ed36233ba0513fe199da392de82f83c2d8b805696
R0195.RPL,rejection_candidate,2900,817,1789,0,finish,XCFX,1789,0,0,15,34,0,stunt route incomplete,ab4b3438cc841c9c30db5d5ed36233ba0513fe199da392de82f83c2d8b805696
R0196.RPL,rejection_candidate,2688,4,0,1269,finish,XCFX,1269,1,0,0,27,23,no wheel on or above road,ab4b3438cc841c9c30db5d5ed36233ba0513fe199da392de82f83c2d8b805696
R0197.RPL,no_additional_violation_detected,2662,0,0,0,finish,XCFX,,,,,,,,ab4b3438cc841c9c30db5d5ed36233ba0513fe199da392de82f83c2d8b805696
R0198.RPL,no_additional_violation_detected,2655,0,0,0,finish,XCFX,,,,,,,,ab4b3438cc841c9c30db5d5ed36233ba0513fe199da392de82f83c2d8b805696
R0199.RPL,rejection_candidate,2852,816,1751,0,finish,XCFX,1751,0,0,15,34,0,stunt route incomplete,ab4b3438cc841c9c30db5d5ed36233ba0513fe199da392de82f83c2d8b805696
R0200.RPL,no_additional_violation_detected,2866,0,0,0,finish,XCFX,,,,,,,,ab4b3438cc841c9c30db5d5ed36233ba0513fe199da392de82f83c2d8b805696
R0201.RPL,no_additional_violation_detected,2200,0,0,0,finish,P962,,,,,,,,f9d5a5ade47d9d29e84efa621e7ab3c8ccaba90a3f537ba717cc669182b19b5d
R0202.RPL,no_additional_violation_detected,2137,0,0,0,finish,P962,,,,,,,,f9d5a5ade47d9d29e84efa621e7ab3c8ccaba90a3f537ba717cc669182b19b5d
R0203.RPL,no_additional_violation_detected,2147,0,0,0,finish,P962,,,,,,,,f9d5a5ade47d9d29e84efa621e7ab3c8ccaba90a3f537ba717cc669182b19b5d
R0204.RPL,no_additional_violation_detected,2321,0,0,0,finish,P962,,,,,,,,f9d5a5ade47d9d29e84efa621e7ab3c8ccaba90a3f537ba717cc669182b19b5d
R0205.RPL,no_additional_violation_detected,2183,0,0,0,finish,P962,,,,,,,,f9d5a5ade47d9d29e84efa621e7ab3c8ccaba90a3f537ba717cc669182b19b5d
R0206.RPL,no_additional_violation_detected,2073,0,0,0,finish,P962,,,,,,,,f9d5a5ade47d9d29e84efa621e7ab3c8ccaba90a3f537ba717cc669182b19b5d
R0207.RPL,no_additional_violation_detected,2102,0,0,0,finish,P962,,,,,,,,f9d5a5ade47d9d29e84efa621e7ab3c8ccaba90a3f537ba717cc669182b19b5d
R0208.RPL,no_additional_violation_detected,2280,0,0,0,finish,P962,,,,,,,,f9d5a5ade47d9d29e84efa621e7ab3c8ccaba90a3f537ba717cc669182b19b5d
R0209.RPL,rejection_candidate,2107,1,0,1346,finish,P962,1346,1,0,0,35,0,no wheel on or above road,f9d5a5ade47d9d29e84efa621e7ab3c8ccaba90a3f537ba717cc669182b19b5d
R0210.RPL,no_additional_violation_detected,2100,0,0,0,finish,P962,,,,,,,,f9d5a5ade47d9d29e84efa621e7ab3c8ccaba90a3f537ba717cc669182b19b5d
R0211.RPL,no_additional_violation_detected,1985,0,0,0,finish,JAGU,,,,,,,,ae44d27abeb47325b138b084e6a662ae82a4fbb29abd533cb00ca9d0b905d059
R0212.RPL,rejection_candidate,1863,1,0,1396,finish,JAGU,1396,1,0,0,-99,0,no wheel on or above road,ae44d27abeb47325b138b084e6a662ae82a4fbb29abd533cb00ca9d0b905d059
R0213.RPL,no_additional_violation_detected,1835,0,0,0,finish,JAGU,,,,,,,,ae44d27abeb47325b138b084e6a662ae82a4fbb29abd533cb00ca9d0b905d059
R0214.RPL,no_additional_violation_detected,1830,0,0,0,finish,JAGU,,,,,,,,ae44d27abeb47325b138b084e6a662ae82a4fbb29abd533cb00ca9d0b905d059
R0215.RPL,no_additional_violation_detected,1869,0,0,0,finish,JAGU,,,,,,,,ae44d27abeb47325b138b084e6a662ae82a4fbb29abd533cb00ca9d0b905d059
R0216.RPL,no_additional_violation_detected,1832,0,0,0,finish,JAGU,,,,,,,,ae44d27abeb47325b138b084e6a662ae82a4fbb29abd533cb00ca9d0b905d059
R0217.RPL,no_additional_violation_detected,1953,0,0,0,finish,JAGU,,,,,,,,ae44d27abeb47325b138b084e6a662ae82a4fbb29abd533cb00ca9d0b905d059
R0218.RPL,no_additional_violation_detected,1830,0,0,0,finish,JAGU,,,,,,,,ae44d27abeb47325b138b084e6a662ae82a4fbb29abd533cb00ca9d0b905d059
R0219.RPL,rejection_candidate,2487,1541,365,1041,finish,PMIN,365,0,0,15,28,0,stunt route incomplete,2dce43b5b6b2506cd8f7a39476eb0424a5d1fa50280975bff1da9e0c3aeb6f05
R0220.RPL,rejection_candidate,2382,411,346,0,finish,PMIN,346,0,0,15,28,0,stunt route incomplete,2dce43b5b6b2506cd8f7a39476eb0424a5d1fa50280975bff1da9e0c3aeb6f05
R0221.RPL,rejection_candidate,2488,1639,360,645,finish,PMIN,360,0,0,15,28,0,stunt route incomplete,2dce43b5b6b2506cd8f7a39476eb0424a5d1fa50280975bff1da9e0c3aeb6f05
R0222.RPL,rejection_candidate,2327,938,348,587,finish,PMIN,348,0,0,15,28,0,stunt route incomplete,2dce43b5b6b2506cd8f7a39476eb0424a5d1fa50280975bff1da9e0c3aeb6f05
R0223.RPL,rejection_candidate,2378,459,358,612,finish,PMIN,358,0,0,15,28,0,stunt route incomplete,2dce43b5b6b2506cd8f7a39476eb0424a5d1fa50280975bff1da9e0c3aeb6f05
R0224.RPL,rejection_candidate,2306,1377,352,1002,finish,PMIN,352,0,0,15,28,0,stunt route incomplete,2dce43b5b6b2506cd8f7a39476eb0424a5d1fa50280975bff1da9e0c3aeb6f05
R0225.RPL,rejection_candidate,2343,396,350,0,finish,PMIN,350,0,0,15,28,0,stunt route incomplete,2dce43b5b6b2506cd8f7a39476eb0424a5d1fa50280975bff1da9e0c3aeb6f05
R0226.RPL,rejection_candidate,2489,452,351,0,finish,PMIN,351,0,0,15,28,0,stunt route incomplete,2dce43b5b6b2506cd8f7a39476eb0424a5d1fa50280975bff1da9e0c3aeb6f05
R0227.RPL,rejection_candidate,2481,1657,350,0,finish,PMIN,350,0,0,15,28,0,stunt route incomplete,2dce43b5b6b2506cd8f7a39476eb0424a5d1fa50280975bff1da9e0c3aeb6f05
R0228.RPL,rejection_candidate,2368,1452,346,985,finish,PMIN,346,0,0,15,28,0,stunt route incomplete,2dce43b5b6b2506cd8f7a39476eb0424a5d1fa50280975bff1da9e0c3aeb6f05
R0229.RPL,rejection_candidate,2336,1429,352,973,finish,PMIN,352,0,0,15,28,0,stunt route incomplete,2dce43b5b6b2506cd8f7a39476eb0424a5d1fa50280975bff1da9e0c3aeb6f05
R0230.RPL,rejection_candidate,2324,1439,349,950,finish,PMIN,349,0,0,15,28,0,stunt route incomplete,2dce43b5b6b2506cd8f7a39476eb0424a5d1fa50280975bff1da9e0c3aeb6f05
R0231.RPL,no_additional_violation_detected,1735,0,0,0,finish,P962,,,,,,,,abc1a32321882b8dec232821a93f10f99fb72bbfae400b6e5720557b69e3a82c
R0232.RPL,no_additional_violation_detected,1744,0,0,0,finish,JAGU,,,,,,,,abc1a32321882b8dec232821a93f10f99fb72bbfae400b6e5720557b69e3a82c
R0233.RPL,no_additional_violation_detected,1642,0,0,0,finish,P962,,,,,,,,abc1a32321882b8dec232821a93f10f99fb72bbfae400b6e5720557b69e3a82c
R0234.RPL,no_additional_violation_detected,1649,0,0,0,finish,JAGU,,,,,,,,abc1a32321882b8dec232821a93f10f99fb72bbfae400b6e5720557b69e3a82c
R0235.RPL,no_additional_violation_detected,1635,0,0,0,finish,JAGU,,,,,,,,abc1a32321882b8dec232821a93f10f99fb72bbfae400b6e5720557b69e3a82c
R0236.RPL,no_additional_violation_detected,1617,0,0,0,finish,P962,,,,,,,,abc1a32321882b8dec232821a93f10f99fb72bbfae400b6e5720557b69e3a82c
R0237.RPL,no_additional_violation_detected,1629,0,0,0,finish,P962,,,,,,,,abc1a32321882b8dec232821a93f10f99fb72bbfae400b6e5720557b69e3a82c
R0238.RPL,no_additional_violation_detected,1563,0,0,0,finish,P962,,,,,,,,abc1a32321882b8dec232821a93f10f99fb72bbfae400b6e5720557b69e3a82c
R0239.RPL,no_additional_violation_detected,1559,0,0,0,finish,P962,,,,,,,,abc1a32321882b8dec232821a93f10f99fb72bbfae400b6e5720557b69e3a82c
R0240.RPL,no_additional_violation_detected,1554,0,0,0,finish,P962,,,,,,,,abc1a32321882b8dec232821a93f10f99fb72bbfae400b6e5720557b69e3a82c
R0241.RPL,no_additional_violation_detected,1561,0,0,0,finish,P962,,,,,,,,abc1a32321882b8dec232821a93f10f99fb72bbfae400b6e5720557b69e3a82c
R0242.RPL,no_additional_violation_detected,1550,0,0,0,finish,P962,,,,,,,,abc1a32321882b8dec232821a93f10f99fb72bbfae400b6e5720557b69e3a82c
R0243.RPL,no_additional_violation_detected,1545,0,0,0,finish,P962,,,,,,,,abc1a32321882b8dec232821a93f10f99fb72bbfae400b6e5720557b69e3a82c
R0244.RPL,no_additional_violation_detected,1549,0,0,0,finish,P962,,,,,,,,abc1a32321882b8dec232821a93f10f99fb72bbfae400b6e5720557b69e3a82c
R0245.RPL,no_additional_violation_detected,1544,0,0,0,finish,P962,,,,,,,,abc1a32321882b8dec232821a93f10f99fb72bbfae400b6e5720557b69e3a82c
R0246.RPL,no_additional_violation_detected,1538,0,0,0,finish,P962,,,,,,,,abc1a32321882b8dec232821a93f10f99fb72bbfae400b6e5720557b69e3a82c
R0247.RPL,no_additional_violation_detected,1539,0,0,0,finish,P962,,,,,,,,abc1a32321882b8dec232821a93f10f99fb72bbfae400b6e5720557b69e3a82c
R0248.RPL,no_additional_violation_detected,1507,0,0,0,finish,DBMW,,,,,,,,310c6e24bad303ebb1e33bffb90253a9dad5aa8492718157bc44d07b8ce53142
R0249.RPL,no_additional_violation_detected,1496,0,0,0,finish,DBMW,,,,,,,,310c6e24bad303ebb1e33bffb90253a9dad5aa8492718157bc44d07b8ce53142
R0250.RPL,no_additional_violation_detected,1625,0,0,0,finish,DBMW,,,,,,,,310c6e24bad303ebb1e33bffb90253a9dad5aa8492718157bc44d07b8ce53142
R0251.RPL,no_additional_violation_detected,1489,0,0,0,finish,DBMW,,,,,,,,310c6e24bad303ebb1e33bffb90253a9dad5aa8492718157bc44d07b8ce53142
R0252.RPL,no_additional_violation_detected,1721,0,0,0,finish,DBMW,,,,,,,,310c6e24bad303ebb1e33bffb90253a9dad5aa8492718157bc44d07b8ce53142
R0253.RPL,no_additional_violation_detected,1648,0,0,0,finish,DAUD,,,,,,,,310c6e24bad303ebb1e33bffb90253a9dad5aa8492718157bc44d07b8ce53142
R0254.RPL,no_additional_violation_detected,2262,0,0,0,finish,DAUD,,,,,,,,310c6e24bad303ebb1e33bffb90253a9dad5aa8492718157bc44d07b8ce53142
R0255.RPL,no_additional_violation_detected,1573,0,0,0,finish,DBMW,,,,,,,,310c6e24bad303ebb1e33bffb90253a9dad5aa8492718157bc44d07b8ce53142
R0256.RPL,no_additional_violation_detected,1994,0,0,0,finish,DMCB,,,,,,,,310c6e24bad303ebb1e33bffb90253a9dad5aa8492718157bc44d07b8ce53142
R0257.RPL,no_additional_violation_detected,1451,0,0,0,finish,DBMW,,,,,,,,310c6e24bad303ebb1e33bffb90253a9dad5aa8492718157bc44d07b8ce53142
R0258.RPL,rejection_candidate,1432,913,500,1240,finish,DBMW,500,0,0,15,27,5,stunt route incomplete,310c6e24bad303ebb1e33bffb90253a9dad5aa8492718157bc44d07b8ce53142
R0259.RPL,no_additional_violation_detected,1466,0,0,0,finish,DMCB,,,,,,,,310c6e24bad303ebb1e33bffb90253a9dad5aa8492718157bc44d07b8ce53142
R0260.RPL,rejection_candidate,1426,3,0,1235,finish,DAUD,1235,1,0,0,-99,0,no wheel on or above road,310c6e24bad303ebb1e33bffb90253a9dad5aa8492718157bc44d07b8ce53142
R0261.RPL,no_additional_violation_detected,1414,0,0,0,finish,DAUD,,,,,,,,310c6e24bad303ebb1e33bffb90253a9dad5aa8492718157bc44d07b8ce53142
R0262.RPL,no_additional_violation_detected,1424,0,0,0,finish,DBMW,,,,,,,,310c6e24bad303ebb1e33bffb90253a9dad5aa8492718157bc44d07b8ce53142
R0263.RPL,no_additional_violation_detected,2573,0,0,0,finish,FGTO,,,,,,,,0f935fae1ce98b6d31fa44070b8683b03e8a9a8ca23a95bd1b13876608647bed
R0264.RPL,no_additional_violation_detected,2749,0,0,0,finish,FGTO,,,,,,,,0f935fae1ce98b6d31fa44070b8683b03e8a9a8ca23a95bd1b13876608647bed
R0265.RPL,no_additional_violation_detected,2479,0,0,0,finish,FGTO,,,,,,,,0f935fae1ce98b6d31fa44070b8683b03e8a9a8ca23a95bd1b13876608647bed
R0266.RPL,no_additional_violation_detected,2754,0,0,0,finish,FGTO,,,,,,,,0f935fae1ce98b6d31fa44070b8683b03e8a9a8ca23a95bd1b13876608647bed
R0267.RPL,no_additional_violation_detected,2633,0,0,0,finish,FGTO,,,,,,,,0f935fae1ce98b6d31fa44070b8683b03e8a9a8ca23a95bd1b13876608647bed
R0268.RPL,no_additional_violation_detected,2621,0,0,0,finish,FGTO,,,,,,,,0f935fae1ce98b6d31fa44070b8683b03e8a9a8ca23a95bd1b13876608647bed
R0269.RPL,no_additional_violation_detected,2963,0,0,0,finish,FGTO,,,,,,,,0f935fae1ce98b6d31fa44070b8683b03e8a9a8ca23a95bd1b13876608647bed
R0270.RPL,no_additional_violation_detected,2815,0,0,0,finish,FGTO,,,,,,,,0f935fae1ce98b6d31fa44070b8683b03e8a9a8ca23a95bd1b13876608647bed
R0271.RPL,no_additional_violation_detected,3451,0,0,0,finish,FGTO,,,,,,,,0f935fae1ce98b6d31fa44070b8683b03e8a9a8ca23a95bd1b13876608647bed
R0272.RPL,no_additional_violation_detected,2786,0,0,0,finish,FGTO,,,,,,,,0f935fae1ce98b6d31fa44070b8683b03e8a9a8ca23a95bd1b13876608647bed
R0273.RPL,no_additional_violation_detected,2503,0,0,0,finish,FGTO,,,,,,,,0f935fae1ce98b6d31fa44070b8683b03e8a9a8ca23a95bd1b13876608647bed
R0274.RPL,no_additional_violation_detected,2562,0,0,0,finish,FGTO,,,,,,,,0f935fae1ce98b6d31fa44070b8683b03e8a9a8ca23a95bd1b13876608647bed
R0275.RPL,no_additional_violation_detected,2511,0,0,0,finish,FGTO,,,,,,,,0f935fae1ce98b6d31fa44070b8683b03e8a9a8ca23a95bd1b13876608647bed
R0276.RPL,no_additional_violation_detected,2492,0,0,0,finish,FGTO,,,,,,,,0f935fae1ce98b6d31fa44070b8683b03e8a9a8ca23a95bd1b13876608647bed
R0277.RPL,no_additional_violation_detected,6847,0,0,0,finish,ZMP4,,,,,,,,ea92150dd3820c8f87aba5a9b2775ca7797d213c2166ac47896ee699014f5123
R0278.RPL,rejection_candidate,6272,4,0,2385,finish,ZMP4,2385,1,0,0,-99,0,no wheel on or above road,ea92150dd3820c8f87aba5a9b2775ca7797d213c2166ac47896ee699014f5123
R0279.RPL,rejection_candidate,6694,3781,2892,0,finish,ZMP4,2892,0,0,15,34,1,stunt route incomplete,ea92150dd3820c8f87aba5a9b2775ca7797d213c2166ac47896ee699014f5123
R0280.RPL,rejection_candidate,6397,1,2799,0,finish,ZMP4,2799,0,0,15,34,1,stunt route incomplete,ea92150dd3820c8f87aba5a9b2775ca7797d213c2166ac47896ee699014f5123
R0281.RPL,no_additional_violation_detected,10813,0,0,0,finish,ZMP4,,,,,,,,ea92150dd3820c8f87aba5a9b2775ca7797d213c2166ac47896ee699014f5123
R0282.RPL,rejection_candidate,8131,295,3541,0,finish,ZMP4,3541,0,0,15,34,0,stunt route incomplete,ea92150dd3820c8f87aba5a9b2775ca7797d213c2166ac47896ee699014f5123
R0283.RPL,rejection_candidate,6680,3,0,2723,finish,ZMP4,2723,1,0,0,-99,0,no wheel on or above road,ea92150dd3820c8f87aba5a9b2775ca7797d213c2166ac47896ee699014f5123
R0284.RPL,rejection_candidate,8234,5031,3185,3180,finish,ZMP4,3180,1,0,0,25,1,no wheel on or above road,ea92150dd3820c8f87aba5a9b2775ca7797d213c2166ac47896ee699014f5123
R0285.RPL,rejection_candidate,7867,6217,1641,1631,finish,ZMP4,1631,1,0,0,27,21,no wheel on or above road,ea92150dd3820c8f87aba5a9b2775ca7797d213c2166ac47896ee699014f5123
R0286.RPL,rejection_candidate,7157,9,0,2759,finish,ZMP4,2759,1,0,0,-99,0,no wheel on or above road,ea92150dd3820c8f87aba5a9b2775ca7797d213c2166ac47896ee699014f5123
R0287.RPL,no_additional_violation_detected,8144,0,0,0,finish,ZMP4,,,,,,,,ea92150dd3820c8f87aba5a9b2775ca7797d213c2166ac47896ee699014f5123
R0288.RPL,no_additional_violation_detected,8094,0,0,0,finish,ZMP4,,,,,,,,ea92150dd3820c8f87aba5a9b2775ca7797d213c2166ac47896ee699014f5123
R0289.RPL,no_additional_violation_detected,8061,0,0,0,finish,ZMP4,,,,,,,,ea92150dd3820c8f87aba5a9b2775ca7797d213c2166ac47896ee699014f5123
R0290.RPL,rejection_candidate,7889,8,0,3006,finish,ZMP4,3006,1,0,0,-99,0,no wheel on or above road,ea92150dd3820c8f87aba5a9b2775ca7797d213c2166ac47896ee699014f5123
R0291.RPL,no_additional_violation_detected,7208,0,0,0,finish,ZMP4,,,,,,,,ea92150dd3820c8f87aba5a9b2775ca7797d213c2166ac47896ee699014f5123
R0292.RPL,no_additional_violation_detected,10847,0,0,0,finish,ZMP4,,,,,,,,ea92150dd3820c8f87aba5a9b2775ca7797d213c2166ac47896ee699014f5123
R0293.RPL,rejection_candidate,7581,2,3470,0,finish,ZMP4,3470,0,0,15,34,1,stunt route incomplete,ea92150dd3820c8f87aba5a9b2775ca7797d213c2166ac47896ee699014f5123
R0294.RPL,no_additional_violation_detected,10275,0,0,0,finish,ZMP4,,,,,,,,ea92150dd3820c8f87aba5a9b2775ca7797d213c2166ac47896ee699014f5123
R0295.RPL,rejection_candidate,7462,4042,3399,0,finish,ZMP4,3399,0,0,15,34,1,stunt route incomplete,ea92150dd3820c8f87aba5a9b2775ca7797d213c2166ac47896ee699014f5123
R0296.RPL,no_additional_violation_detected,7439,0,0,0,finish,ZMP4,,,,,,,,ea92150dd3820c8f87aba5a9b2775ca7797d213c2166ac47896ee699014f5123
R0297.RPL,no_additional_violation_detected,7325,0,0,0,finish,ZMP4,,,,,,,,ea92150dd3820c8f87aba5a9b2775ca7797d213c2166ac47896ee699014f5123
R0298.RPL,no_additional_violation_detected,7276,0,0,0,finish,ZMP4,,,,,,,,ea92150dd3820c8f87aba5a9b2775ca7797d213c2166ac47896ee699014f5123
R0299.RPL,no_additional_violation_detected,7204,0,0,0,finish,ZMP4,,,,,,,,ea92150dd3820c8f87aba5a9b2775ca7797d213c2166ac47896ee699014f5123
R0300.RPL,rejection_candidate,6561,8,0,2411,finish,ZMP4,2411,1,0,0,-99,0,no wheel on or above road,ea92150dd3820c8f87aba5a9b2775ca7797d213c2166ac47896ee699014f5123
R0301.RPL,rejection_candidate,6322,7,0,2355,finish,ZMP4,2355,1,0,0,-99,0,no wheel on or above road,ea92150dd3820c8f87aba5a9b2775ca7797d213c2166ac47896ee699014f5123
R0302.RPL,no_additional_violation_detected,6275,0,0,0,finish,ZMP4,,,,,,,,ea92150dd3820c8f87aba5a9b2775ca7797d213c2166ac47896ee699014f5123
R0303.RPL,no_additional_violation_detected,6250,0,0,0,finish,ZMP4,,,,,,,,ea92150dd3820c8f87aba5a9b2775ca7797d213c2166ac47896ee699014f5123
R0304.RPL,no_additional_violation_detected,6422,0,0,0,finish,ZMP4,,,,,,,,ea92150dd3820c8f87aba5a9b2775ca7797d213c2166ac47896ee699014f5123
R0305.RPL,rejection_candidate,6813,5,0,2489,finish,ZMP4,2489,1,0,0,-99,0,no wheel on or above road,ea92150dd3820c8f87aba5a9b2775ca7797d213c2166ac47896ee699014f5123
R0306.RPL,rejection_candidate,6629,30,6577,0,finish,ZMP4,6577,0,0,15,34,1,stunt route incomplete,ea92150dd3820c8f87aba5a9b2775ca7797d213c2166ac47896ee699014f5123
R0307.RPL,rejection_candidate,7389,2,7331,0,finish,ZMP4,7331,0,0,15,34,1,stunt route incomplete,ea92150dd3820c8f87aba5a9b2775ca7797d213c2166ac47896ee699014f5123
R0308.RPL,rejection_candidate,6606,229,2879,2402,finish,ZMP4,2402,1,0,0,-99,0,no wheel on or above road,ea92150dd3820c8f87aba5a9b2775ca7797d213c2166ac47896ee699014f5123
R0309.RPL,rejection_candidate,6628,5,0,2460,finish,ZMP4,2460,1,0,0,-99,0,no wheel on or above road,ea92150dd3820c8f87aba5a9b2775ca7797d213c2166ac47896ee699014f5123
R0310.RPL,rejection_candidate,6230,2,0,2628,finish,ZMP4,2628,1,0,0,-99,0,no wheel on or above road,ea92150dd3820c8f87aba5a9b2775ca7797d213c2166ac47896ee699014f5123
R0311.RPL,rejection_candidate,6604,5,0,2410,finish,ZMP4,2410,1,0,0,-99,0,no wheel on or above road,ea92150dd3820c8f87aba5a9b2775ca7797d213c2166ac47896ee699014f5123
R0312.RPL,rejection_candidate,6492,1,2839,0,finish,ZMP4,2839,0,0,15,34,1,stunt route incomplete,ea92150dd3820c8f87aba5a9b2775ca7797d213c2166ac47896ee699014f5123
R0313.RPL,no_additional_violation_detected,6219,0,0,0,finish,ZMP4,,,,,,,,ea92150dd3820c8f87aba5a9b2775ca7797d213c2166ac47896ee699014f5123
R0314.RPL,no_additional_violation_detected,6454,0,0,0,finish,ZMP4,,,,,,,,ea92150dd3820c8f87aba5a9b2775ca7797d213c2166ac47896ee699014f5123
R0315.RPL,no_additional_violation_detected,1600,0,0,0,finish,P962,,,,,,,,a5b01d41b06cc88658c1ae5a2b3d518f8cc9ea41a67c035020f5a023780f9823
R0316.RPL,rejection_candidate,1573,7,0,1310,finish,P962,1310,1,0,0,-99,0,no wheel on or above road,a5b01d41b06cc88658c1ae5a2b3d518f8cc9ea41a67c035020f5a023780f9823
R0317.RPL,no_additional_violation_detected,1478,0,0,0,finish,P962,,,,,,,,a5b01d41b06cc88658c1ae5a2b3d518f8cc9ea41a67c035020f5a023780f9823
R0318.RPL,no_additional_violation_detected,1461,0,0,0,finish,P962,,,,,,,,a5b01d41b06cc88658c1ae5a2b3d518f8cc9ea41a67c035020f5a023780f9823
R0319.RPL,rejection_candidate,1591,1050,524,506,finish,P962,506,1,0,0,35,1,no wheel on or above road,a5b01d41b06cc88658c1ae5a2b3d518f8cc9ea41a67c035020f5a023780f9823
R0320.RPL,no_additional_violation_detected,2294,0,0,0,finish,P962,,,,,,,,a5b01d41b06cc88658c1ae5a2b3d518f8cc9ea41a67c035020f5a023780f9823
R0321.RPL,rejection_candidate,1473,4,0,243,finish,P962,243,1,0,0,-99,0,no wheel on or above road,a5b01d41b06cc88658c1ae5a2b3d518f8cc9ea41a67c035020f5a023780f9823
R0322.RPL,no_additional_violation_detected,1553,0,0,0,finish,P962,,,,,,,,a5b01d41b06cc88658c1ae5a2b3d518f8cc9ea41a67c035020f5a023780f9823
R0323.RPL,no_additional_violation_detected,1628,0,0,0,finish,P962,,,,,,,,a5b01d41b06cc88658c1ae5a2b3d518f8cc9ea41a67c035020f5a023780f9823
R0324.RPL,no_additional_violation_detected,1553,0,0,0,finish,P962,,,,,,,,a5b01d41b06cc88658c1ae5a2b3d518f8cc9ea41a67c035020f5a023780f9823
R0325.RPL,no_additional_violation_detected,1445,0,0,0,finish,P962,,,,,,,,a5b01d41b06cc88658c1ae5a2b3d518f8cc9ea41a67c035020f5a023780f9823
R0326.RPL,no_additional_violation_detected,2168,0,0,0,finish,P962,,,,,,,,a5b01d41b06cc88658c1ae5a2b3d518f8cc9ea41a67c035020f5a023780f9823
R0327.RPL,no_additional_violation_detected,1918,0,0,0,finish,P962,,,,,,,,a5b01d41b06cc88658c1ae5a2b3d518f8cc9ea41a67c035020f5a023780f9823
R0328.RPL,no_additional_violation_detected,1598,0,0,0,finish,P962,,,,,,,,a5b01d41b06cc88658c1ae5a2b3d518f8cc9ea41a67c035020f5a023780f9823
R0329.RPL,no_additional_violation_detected,1570,0,0,0,finish,P962,,,,,,,,a5b01d41b06cc88658c1ae5a2b3d518f8cc9ea41a67c035020f5a023780f9823
R0330.RPL,no_additional_violation_detected,1467,0,0,0,finish,P962,,,,,,,,a5b01d41b06cc88658c1ae5a2b3d518f8cc9ea41a67c035020f5a023780f9823
R0331.RPL,no_additional_violation_detected,1539,0,0,0,finish,P962,,,,,,,,a5b01d41b06cc88658c1ae5a2b3d518f8cc9ea41a67c035020f5a023780f9823
R0332.RPL,no_additional_violation_detected,1444,0,0,0,finish,P962,,,,,,,,a5b01d41b06cc88658c1ae5a2b3d518f8cc9ea41a67c035020f5a023780f9823
R0333.RPL,no_additional_violation_detected,1437,0,0,0,finish,P962,,,,,,,,a5b01d41b06cc88658c1ae5a2b3d518f8cc9ea41a67c035020f5a023780f9823
R0334.RPL,no_additional_violation_detected,1434,0,0,0,finish,P962,,,,,,,,a5b01d41b06cc88658c1ae5a2b3d518f8cc9ea41a67c035020f5a023780f9823
R0335.RPL,no_additional_violation_detected,2498,0,0,0,finish,PMIN,,,,,,,,3996091ac1c8f8d306f1a61bbe973c6a6bd6cc2af63d87e7b7134db6396eed62
R0336.RPL,no_additional_violation_detected,2473,0,0,0,finish,PMIN,,,,,,,,3996091ac1c8f8d306f1a61bbe973c6a6bd6cc2af63d87e7b7134db6396eed62
R0337.RPL,no_additional_violation_detected,2661,0,0,0,finish,PMIN,,,,,,,,3996091ac1c8f8d306f1a61bbe973c6a6bd6cc2af63d87e7b7134db6396eed62
R0338.RPL,no_additional_violation_detected,3120,0,0,0,finish,PMIN,,,,,,,,3996091ac1c8f8d306f1a61bbe973c6a6bd6cc2af63d87e7b7134db6396eed62
R0339.RPL,no_additional_violation_detected,2619,0,0,0,finish,PMIN,,,,,,,,3996091ac1c8f8d306f1a61bbe973c6a6bd6cc2af63d87e7b7134db6396eed62
R0340.RPL,no_additional_violation_detected,2578,0,0,0,finish,PMIN,,,,,,,,3996091ac1c8f8d306f1a61bbe973c6a6bd6cc2af63d87e7b7134db6396eed62
R0341.RPL,no_additional_violation_detected,2530,0,0,0,finish,PMIN,,,,,,,,3996091ac1c8f8d306f1a61bbe973c6a6bd6cc2af63d87e7b7134db6396eed62
R0342.RPL,no_additional_violation_detected,2589,0,0,0,finish,PMIN,,,,,,,,3996091ac1c8f8d306f1a61bbe973c6a6bd6cc2af63d87e7b7134db6396eed62
R0343.RPL,no_additional_violation_detected,2516,0,0,0,finish,PMIN,,,,,,,,3996091ac1c8f8d306f1a61bbe973c6a6bd6cc2af63d87e7b7134db6396eed62
R0344.RPL,no_additional_violation_detected,2583,0,0,0,finish,PMIN,,,,,,,,3996091ac1c8f8d306f1a61bbe973c6a6bd6cc2af63d87e7b7134db6396eed62
R0345.RPL,no_additional_violation_detected,2414,0,0,0,finish,PMIN,,,,,,,,3996091ac1c8f8d306f1a61bbe973c6a6bd6cc2af63d87e7b7134db6396eed62
R0346.RPL,no_additional_violation_detected,2477,0,0,0,finish,PMIN,,,,,,,,3996091ac1c8f8d306f1a61bbe973c6a6bd6cc2af63d87e7b7134db6396eed62
R0347.RPL,no_additional_violation_detected,2566,0,0,0,finish,PMIN,,,,,,,,3996091ac1c8f8d306f1a61bbe973c6a6bd6cc2af63d87e7b7134db6396eed62
R0348.RPL,no_additional_violation_detected,2457,0,0,0,finish,PMIN,,,,,,,,3996091ac1c8f8d306f1a61bbe973c6a6bd6cc2af63d87e7b7134db6396eed62
R0349.RPL,no_additional_violation_detected,2437,0,0,0,finish,PMIN,,,,,,,,3996091ac1c8f8d306f1a61bbe973c6a6bd6cc2af63d87e7b7134db6396eed62
R0350.RPL,no_additional_violation_detected,2506,0,0,0,finish,PMIN,,,,,,,,3996091ac1c8f8d306f1a61bbe973c6a6bd6cc2af63d87e7b7134db6396eed62
R0351.RPL,no_additional_violation_detected,2552,0,0,0,finish,PMIN,,,,,,,,3996091ac1c8f8d306f1a61bbe973c6a6bd6cc2af63d87e7b7134db6396eed62
R0352.RPL,no_additional_violation_detected,2382,0,0,0,finish,PMIN,,,,,,,,3996091ac1c8f8d306f1a61bbe973c6a6bd6cc2af63d87e7b7134db6396eed62
R0353.RPL,no_additional_violation_detected,2443,0,0,0,finish,PMIN,,,,,,,,3996091ac1c8f8d306f1a61bbe973c6a6bd6cc2af63d87e7b7134db6396eed62
R0354.RPL,no_additional_violation_detected,2524,0,0,0,finish,PMIN,,,,,,,,3996091ac1c8f8d306f1a61bbe973c6a6bd6cc2af63d87e7b7134db6396eed62
R0355.RPL,no_additional_violation_detected,2290,0,0,0,finish,PMIN,,,,,,,,3996091ac1c8f8d306f1a61bbe973c6a6bd6cc2af63d87e7b7134db6396eed62
R0356.RPL,no_additional_violation_detected,2203,0,0,0,finish,PMIN,,,,,,,,3996091ac1c8f8d306f1a61bbe973c6a6bd6cc2af63d87e7b7134db6396eed62
R0357.RPL,rejection_candidate,2396,1,0,272,finish,PMIN,272,1,0,0,-99,0,no wheel on or above road,3996091ac1c8f8d306f1a61bbe973c6a6bd6cc2af63d87e7b7134db6396eed62
R0358.RPL,no_additional_violation_detected,2347,0,0,0,finish,PMIN,,,,,,,,3996091ac1c8f8d306f1a61bbe973c6a6bd6cc2af63d87e7b7134db6396eed62
R0359.RPL,no_additional_violation_detected,2235,0,0,0,finish,PMIN,,,,,,,,3996091ac1c8f8d306f1a61bbe973c6a6bd6cc2af63d87e7b7134db6396eed62
R0360.RPL,no_additional_violation_detected,1387,0,0,0,finish,ZPFT,,,,,,,,3ed9162a43a7f01921f1d618a1dceefa3a36090bee9ac0bec400c68e93b79584
R0361.RPL,no_additional_violation_detected,1802,0,0,0,finish,ZPFT,,,,,,,,3ed9162a43a7f01921f1d618a1dceefa3a36090bee9ac0bec400c68e93b79584
R0362.RPL,no_additional_violation_detected,1590,0,0,0,finish,ZPFT,,,,,,,,3ed9162a43a7f01921f1d618a1dceefa3a36090bee9ac0bec400c68e93b79584
R0363.RPL,no_additional_violation_detected,1482,0,0,0,finish,ZPFT,,,,,,,,3ed9162a43a7f01921f1d618a1dceefa3a36090bee9ac0bec400c68e93b79584
R0364.RPL,no_additional_violation_detected,1560,0,0,0,finish,CDOR,,,,,,,,3ed9162a43a7f01921f1d618a1dceefa3a36090bee9ac0bec400c68e93b79584
R0365.RPL,no_additional_violation_detected,1813,0,0,0,finish,ZPFT,,,,,,,,3ed9162a43a7f01921f1d618a1dceefa3a36090bee9ac0bec400c68e93b79584
R0366.RPL,no_additional_violation_detected,1563,0,0,0,finish,CDOR,,,,,,,,3ed9162a43a7f01921f1d618a1dceefa3a36090bee9ac0bec400c68e93b79584
R0367.RPL,rejection_candidate,1533,998,0,536,unfinished,ZPFT,536,1,0,0,-99,0,no wheel on or above road,3ed9162a43a7f01921f1d618a1dceefa3a36090bee9ac0bec400c68e93b79584
R0368.RPL,no_additional_violation_detected,1503,0,0,0,finish,ZPFT,,,,,,,,3ed9162a43a7f01921f1d618a1dceefa3a36090bee9ac0bec400c68e93b79584
R0369.RPL,no_additional_violation_detected,1461,0,0,0,finish,ZPFT,,,,,,,,3ed9162a43a7f01921f1d618a1dceefa3a36090bee9ac0bec400c68e93b79584
R0370.RPL,no_additional_violation_detected,1637,0,0,0,finish,CDOR,,,,,,,,3ed9162a43a7f01921f1d618a1dceefa3a36090bee9ac0bec400c68e93b79584
R0371.RPL,no_additional_violation_detected,1459,0,0,0,finish,ZPFT,,,,,,,,3ed9162a43a7f01921f1d618a1dceefa3a36090bee9ac0bec400c68e93b79584
R0372.RPL,no_additional_violation_detected,1449,0,0,0,finish,CDOR,,,,,,,,3ed9162a43a7f01921f1d618a1dceefa3a36090bee9ac0bec400c68e93b79584
R0373.RPL,no_additional_violation_detected,1522,0,0,0,finish,ZPFT,,,,,,,,3ed9162a43a7f01921f1d618a1dceefa3a36090bee9ac0bec400c68e93b79584
R0374.RPL,rejection_candidate,1623,128,0,503,finish,CDOR,503,1,0,0,-99,0,no wheel on or above road,3ed9162a43a7f01921f1d618a1dceefa3a36090bee9ac0bec400c68e93b79584
R0375.RPL,no_additional_violation_detected,1381,0,0,0,finish,ZPFT,,,,,,,,3ed9162a43a7f01921f1d618a1dceefa3a36090bee9ac0bec400c68e93b79584
R0376.RPL,no_additional_violation_detected,1414,0,0,0,finish,ZPFT,,,,,,,,3ed9162a43a7f01921f1d618a1dceefa3a36090bee9ac0bec400c68e93b79584
R0377.RPL,no_additional_violation_detected,1340,0,0,0,finish,ZPFT,,,,,,,,3ed9162a43a7f01921f1d618a1dceefa3a36090bee9ac0bec400c68e93b79584
R0378.RPL,no_additional_violation_detected,1411,0,0,0,finish,ZPFT,,,,,,,,3ed9162a43a7f01921f1d618a1dceefa3a36090bee9ac0bec400c68e93b79584
R0379.RPL,no_additional_violation_detected,1407,0,0,0,finish,ZPFT,,,,,,,,3ed9162a43a7f01921f1d618a1dceefa3a36090bee9ac0bec400c68e93b79584
R0380.RPL,rejection_candidate,3642,569,1807,0,finish,GATE,1807,0,0,15,34,0,stunt route incomplete,52f63cc79d200de68ac735e2e6ce11c051ad8b8fcb3b90137bf1958ede21ef94
R0381.RPL,no_additional_violation_detected,3571,0,0,0,finish,GATE,,,,,,,,52f63cc79d200de68ac735e2e6ce11c051ad8b8fcb3b90137bf1958ede21ef94
R0382.RPL,no_additional_violation_detected,3401,0,0,0,finish,GATE,,,,,,,,52f63cc79d200de68ac735e2e6ce11c051ad8b8fcb3b90137bf1958ede21ef94
R0383.RPL,no_additional_violation_detected,3382,0,0,0,finish,GATE,,,,,,,,52f63cc79d200de68ac735e2e6ce11c051ad8b8fcb3b90137bf1958ede21ef94
R0384.RPL,no_additional_violation_detected,3624,0,0,0,finish,GATE,,,,,,,,52f63cc79d200de68ac735e2e6ce11c051ad8b8fcb3b90137bf1958ede21ef94
R0385.RPL,no_additional_violation_detected,3506,0,0,0,finish,GATE,,,,,,,,52f63cc79d200de68ac735e2e6ce11c051ad8b8fcb3b90137bf1958ede21ef94
R0386.RPL,no_additional_violation_detected,3372,0,0,0,finish,GATE,,,,,,,,52f63cc79d200de68ac735e2e6ce11c051ad8b8fcb3b90137bf1958ede21ef94
R0387.RPL,no_additional_violation_detected,3453,0,0,0,finish,GATE,,,,,,,,52f63cc79d200de68ac735e2e6ce11c051ad8b8fcb3b90137bf1958ede21ef94
R0388.RPL,no_additional_violation_detected,3221,0,0,0,finish,GATE,,,,,,,,52f63cc79d200de68ac735e2e6ce11c051ad8b8fcb3b90137bf1958ede21ef94
R0389.RPL,no_additional_violation_detected,2941,0,0,0,finish,GATE,,,,,,,,52f63cc79d200de68ac735e2e6ce11c051ad8b8fcb3b90137bf1958ede21ef94
R0390.RPL,no_additional_violation_detected,3301,0,0,0,finish,GATE,,,,,,,,52f63cc79d200de68ac735e2e6ce11c051ad8b8fcb3b90137bf1958ede21ef94
R0391.RPL,no_additional_violation_detected,2314,0,0,0,finish,JAGU,,,,,,,,6805886b2c9372ef0bc88b35af457878e2c08ae4f6b04a29aa4a8a85161585ca
R0392.RPL,no_additional_violation_detected,2236,0,0,0,finish,JAGU,,,,,,,,6805886b2c9372ef0bc88b35af457878e2c08ae4f6b04a29aa4a8a85161585ca
R0393.RPL,no_additional_violation_detected,2192,0,0,0,finish,JAGU,,,,,,,,6805886b2c9372ef0bc88b35af457878e2c08ae4f6b04a29aa4a8a85161585ca
R0394.RPL,no_additional_violation_detected,2225,0,0,0,finish,JAGU,,,,,,,,6805886b2c9372ef0bc88b35af457878e2c08ae4f6b04a29aa4a8a85161585ca
R0395.RPL,no_additional_violation_detected,2178,0,0,0,finish,JAGU,,,,,,,,6805886b2c9372ef0bc88b35af457878e2c08ae4f6b04a29aa4a8a85161585ca
R0396.RPL,no_additional_violation_detected,2097,0,0,0,finish,JAGU,,,,,,,,6805886b2c9372ef0bc88b35af457878e2c08ae4f6b04a29aa4a8a85161585ca
R0397.RPL,no_additional_violation_detected,2075,0,0,0,finish,JAGU,,,,,,,,6805886b2c9372ef0bc88b35af457878e2c08ae4f6b04a29aa4a8a85161585ca
R0398.RPL,no_additional_violation_detected,2169,0,0,0,finish,JAGU,,,,,,,,6805886b2c9372ef0bc88b35af457878e2c08ae4f6b04a29aa4a8a85161585ca
R0399.RPL,no_additional_violation_detected,2168,0,0,0,finish,JAGU,,,,,,,,6805886b2c9372ef0bc88b35af457878e2c08ae4f6b04a29aa4a8a85161585ca
R0400.RPL,no_additional_violation_detected,2050,0,0,0,finish,JAGU,,,,,,,,6805886b2c9372ef0bc88b35af457878e2c08ae4f6b04a29aa4a8a85161585ca
R0401.RPL,no_additional_violation_detected,2138,0,0,0,finish,JAGU,,,,,,,,6805886b2c9372ef0bc88b35af457878e2c08ae4f6b04a29aa4a8a85161585ca
R0402.RPL,no_additional_violation_detected,2267,0,0,0,finish,JAGU,,,,,,,,6805886b2c9372ef0bc88b35af457878e2c08ae4f6b04a29aa4a8a85161585ca
R0403.RPL,rejection_candidate,2076,4,0,1975,finish,JAGU,1975,1,0,0,-99,0,no wheel on or above road,6805886b2c9372ef0bc88b35af457878e2c08ae4f6b04a29aa4a8a85161585ca
R0404.RPL,no_additional_violation_detected,2107,0,0,0,finish,JAGU,,,,,,,,6805886b2c9372ef0bc88b35af457878e2c08ae4f6b04a29aa4a8a85161585ca
R0405.RPL,no_additional_violation_detected,2083,0,0,0,finish,JAGU,,,,,,,,6805886b2c9372ef0bc88b35af457878e2c08ae4f6b04a29aa4a8a85161585ca
R0406.RPL,rejection_candidate,2075,4,0,1975,finish,JAGU,1975,1,0,0,-99,0,no wheel on or above road,6805886b2c9372ef0bc88b35af457878e2c08ae4f6b04a29aa4a8a85161585ca
R0407.RPL,rejection_candidate,2073,4,0,1975,finish,JAGU,1975,1,0,0,-99,0,no wheel on or above road,6805886b2c9372ef0bc88b35af457878e2c08ae4f6b04a29aa4a8a85161585ca
R0408.RPL,no_additional_violation_detected,2068,0,0,0,finish,JAGU,,,,,,,,6805886b2c9372ef0bc88b35af457878e2c08ae4f6b04a29aa4a8a85161585ca
R0409.RPL,no_additional_violation_detected,2027,0,0,0,finish,JAGU,,,,,,,,6805886b2c9372ef0bc88b35af457878e2c08ae4f6b04a29aa4a8a85161585ca
R0410.RPL,no_additional_violation_detected,2062,0,0,0,finish,JAGU,,,,,,,,6805886b2c9372ef0bc88b35af457878e2c08ae4f6b04a29aa4a8a85161585ca
R0411.RPL,rejection_candidate,1937,3,0,1001,finish,JAGU,1001,1,0,0,31,1,no wheel on or above road,6805886b2c9372ef0bc88b35af457878e2c08ae4f6b04a29aa4a8a85161585ca
R0412.RPL,no_additional_violation_detected,3022,0,0,0,finish,DAUD,,,,,,,,dbe855876794c422cf1efbf3588f0b157d580ab8583430f11540fea0326ccada
R0413.RPL,no_additional_violation_detected,2845,0,0,0,finish,DMCB,,,,,,,,dbe855876794c422cf1efbf3588f0b157d580ab8583430f11540fea0326ccada
R0414.RPL,no_additional_violation_detected,2985,0,0,0,finish,DAUD,,,,,,,,dbe855876794c422cf1efbf3588f0b157d580ab8583430f11540fea0326ccada
R0415.RPL,no_additional_violation_detected,2802,0,0,0,finish,DBMW,,,,,,,,dbe855876794c422cf1efbf3588f0b157d580ab8583430f11540fea0326ccada
R0416.RPL,no_additional_violation_detected,2920,0,0,0,finish,DMCB,,,,,,,,dbe855876794c422cf1efbf3588f0b157d580ab8583430f11540fea0326ccada
R0417.RPL,no_additional_violation_detected,3962,0,0,0,finish,DAUD,,,,,,,,dbe855876794c422cf1efbf3588f0b157d580ab8583430f11540fea0326ccada
R0418.RPL,no_additional_violation_detected,2950,0,0,0,finish,DBMW,,,,,,,,dbe855876794c422cf1efbf3588f0b157d580ab8583430f11540fea0326ccada
R0419.RPL,no_additional_violation_detected,2893,0,0,0,finish,DBMW,,,,,,,,dbe855876794c422cf1efbf3588f0b157d580ab8583430f11540fea0326ccada
R0420.RPL,rejection_candidate,2890,3,883,0,finish,DBMW,883,0,0,15,34,1,stunt route incomplete,dbe855876794c422cf1efbf3588f0b157d580ab8583430f11540fea0326ccada
R0421.RPL,no_additional_violation_detected,2922,0,0,0,finish,DMCB,,,,,,,,dbe855876794c422cf1efbf3588f0b157d580ab8583430f11540fea0326ccada
R0422.RPL,no_additional_violation_detected,2990,0,0,0,finish,DBMW,,,,,,,,dbe855876794c422cf1efbf3588f0b157d580ab8583430f11540fea0326ccada
R0423.RPL,no_additional_violation_detected,2974,0,0,0,finish,DAUD,,,,,,,,dbe855876794c422cf1efbf3588f0b157d580ab8583430f11540fea0326ccada
R0424.RPL,rejection_candidate,2897,2,0,375,finish,DMCB,375,1,0,0,-99,0,no wheel on or above road,dbe855876794c422cf1efbf3588f0b157d580ab8583430f11540fea0326ccada
R0425.RPL,no_additional_violation_detected,2880,0,0,0,finish,DBMW,,,,,,,,dbe855876794c422cf1efbf3588f0b157d580ab8583430f11540fea0326ccada
R0426.RPL,no_additional_violation_detected,2848,0,0,0,finish,DAUD,,,,,,,,dbe855876794c422cf1efbf3588f0b157d580ab8583430f11540fea0326ccada
R0427.RPL,no_additional_violation_detected,2842,0,0,0,finish,DAUD,,,,,,,,dbe855876794c422cf1efbf3588f0b157d580ab8583430f11540fea0326ccada
R0428.RPL,no_additional_violation_detected,2847,0,0,0,finish,DMCB,,,,,,,,dbe855876794c422cf1efbf3588f0b157d580ab8583430f11540fea0326ccada
R0429.RPL,no_additional_violation_detected,2828,0,0,0,finish,DMCB,,,,,,,,dbe855876794c422cf1efbf3588f0b157d580ab8583430f11540fea0326ccada
R0430.RPL,no_additional_violation_detected,2836,0,0,0,finish,DBMW,,,,,,,,dbe855876794c422cf1efbf3588f0b157d580ab8583430f11540fea0326ccada
R0431.RPL,no_additional_violation_detected,2821,0,0,0,finish,DBMW,,,,,,,,dbe855876794c422cf1efbf3588f0b157d580ab8583430f11540fea0326ccada
R0432.RPL,no_additional_violation_detected,2799,0,0,0,finish,DBMW,,,,,,,,dbe855876794c422cf1efbf3588f0b157d580ab8583430f11540fea0326ccada
R0433.RPL,rejection_candidate,2792,276,392,0,finish,DBMW,392,0,0,15,34,0,stunt route incomplete,dbe855876794c422cf1efbf3588f0b157d580ab8583430f11540fea0326ccada
R0434.RPL,no_additional_violation_detected,2795,0,0,0,finish,DBMW,,,,,,,,dbe855876794c422cf1efbf3588f0b157d580ab8583430f11540fea0326ccada
R0435.RPL,no_additional_violation_detected,2793,0,0,0,finish,DBMW,,,,,,,,dbe855876794c422cf1efbf3588f0b157d580ab8583430f11540fea0326ccada
R0436.RPL,no_additional_violation_detected,2790,0,0,0,finish,DBMW,,,,,,,,dbe855876794c422cf1efbf3588f0b157d580ab8583430f11540fea0326ccada
R0437.RPL,no_additional_violation_detected,2788,0,0,0,finish,DBMW,,,,,,,,dbe855876794c422cf1efbf3588f0b157d580ab8583430f11540fea0326ccada
R0438.RPL,no_additional_violation_detected,2783,0,0,0,finish,DBMW,,,,,,,,dbe855876794c422cf1efbf3588f0b157d580ab8583430f11540fea0326ccada
R0439.RPL,no_additional_violation_detected,2752,0,0,0,finish,DBMW,,,,,,,,dbe855876794c422cf1efbf3588f0b157d580ab8583430f11540fea0326ccada
R0440.RPL,no_additional_violation_detected,2814,0,0,0,finish,DMCB,,,,,,,,dbe855876794c422cf1efbf3588f0b157d580ab8583430f11540fea0326ccada
R0441.RPL,no_additional_violation_detected,2627,0,0,0,finish,DBMW,,,,,,,,dbe855876794c422cf1efbf3588f0b157d580ab8583430f11540fea0326ccada
R0442.RPL,rejection_candidate,1935,415,198,0,finish,ZMP4,198,0,0,15,34,1,stunt route incomplete,f0af490a36bf56754cce4cca3faff34f343e02d541a75347078322c88d9d93ad
R0443.RPL,no_additional_violation_detected,2058,0,0,0,finish,ZMP4,,,,,,,,f0af490a36bf56754cce4cca3faff34f343e02d541a75347078322c88d9d93ad
R0444.RPL,rejection_candidate,2323,1045,781,0,finish,ZMP4,781,0,0,15,34,0,stunt route incomplete,f0af490a36bf56754cce4cca3faff34f343e02d541a75347078322c88d9d93ad
R0445.RPL,rejection_candidate,2095,1871,198,0,finish,ZMP4,198,0,0,15,34,1,stunt route incomplete,f0af490a36bf56754cce4cca3faff34f343e02d541a75347078322c88d9d93ad
R0446.RPL,rejection_candidate,2001,1777,198,0,finish,ZMP4,198,0,0,15,34,1,stunt route incomplete,f0af490a36bf56754cce4cca3faff34f343e02d541a75347078322c88d9d93ad
R0447.RPL,rejection_candidate,1888,789,1085,1070,finish,ZMP4,1070,1,0,0,35,1,no wheel on or above road,f0af490a36bf56754cce4cca3faff34f343e02d541a75347078322c88d9d93ad
R0448.RPL,rejection_candidate,1817,754,664,0,finish,ZMP4,664,0,0,15,34,1,stunt route incomplete,f0af490a36bf56754cce4cca3faff34f343e02d541a75347078322c88d9d93ad
R0449.RPL,rejection_candidate,1907,795,1094,1081,finish,ZMP4,1081,1,0,0,35,1,no wheel on or above road,f0af490a36bf56754cce4cca3faff34f343e02d541a75347078322c88d9d93ad
R0450.RPL,no_additional_violation_detected,3358,0,0,0,finish,NSKY,,,,,,,,a7d15df495fa512b44e5b4fae587f473f61e66f5196f388384d396e151aeb278
R0451.RPL,no_additional_violation_detected,3646,0,0,0,finish,NSKY,,,,,,,,a7d15df495fa512b44e5b4fae587f473f61e66f5196f388384d396e151aeb278
R0452.RPL,no_additional_violation_detected,3471,0,0,0,finish,NSKY,,,,,,,,a7d15df495fa512b44e5b4fae587f473f61e66f5196f388384d396e151aeb278
R0453.RPL,no_additional_violation_detected,3575,0,0,0,finish,NSKY,,,,,,,,a7d15df495fa512b44e5b4fae587f473f61e66f5196f388384d396e151aeb278
R0454.RPL,no_additional_violation_detected,3878,0,0,0,finish,NSKY,,,,,,,,a7d15df495fa512b44e5b4fae587f473f61e66f5196f388384d396e151aeb278
R0455.RPL,no_additional_violation_detected,3559,0,0,0,finish,NSKY,,,,,,,,a7d15df495fa512b44e5b4fae587f473f61e66f5196f388384d396e151aeb278
R0456.RPL,no_additional_violation_detected,3632,0,0,0,finish,NSKY,,,,,,,,a7d15df495fa512b44e5b4fae587f473f61e66f5196f388384d396e151aeb278
R0457.RPL,no_additional_violation_detected,3559,0,0,0,finish,NSKY,,,,,,,,a7d15df495fa512b44e5b4fae587f473f61e66f5196f388384d396e151aeb278
R0458.RPL,no_additional_violation_detected,3557,0,0,0,finish,NSKY,,,,,,,,a7d15df495fa512b44e5b4fae587f473f61e66f5196f388384d396e151aeb278
R0459.RPL,no_additional_violation_detected,3524,0,0,0,finish,NSKY,,,,,,,,a7d15df495fa512b44e5b4fae587f473f61e66f5196f388384d396e151aeb278
R0460.RPL,no_additional_violation_detected,3507,0,0,0,finish,NSKY,,,,,,,,a7d15df495fa512b44e5b4fae587f473f61e66f5196f388384d396e151aeb278
R0461.RPL,no_additional_violation_detected,3489,0,0,0,finish,NSKY,,,,,,,,a7d15df495fa512b44e5b4fae587f473f61e66f5196f388384d396e151aeb278
R0462.RPL,no_additional_violation_detected,3458,0,0,0,finish,NSKY,,,,,,,,a7d15df495fa512b44e5b4fae587f473f61e66f5196f388384d396e151aeb278
R0463.RPL,no_additional_violation_detected,3283,0,0,0,finish,NSKY,,,,,,,,a7d15df495fa512b44e5b4fae587f473f61e66f5196f388384d396e151aeb278
R0464.RPL,no_additional_violation_detected,3322,0,0,0,finish,NSKY,,,,,,,,a7d15df495fa512b44e5b4fae587f473f61e66f5196f388384d396e151aeb278
R0465.RPL,no_additional_violation_detected,3766,0,0,0,finish,NSKY,,,,,,,,a7d15df495fa512b44e5b4fae587f473f61e66f5196f388384d396e151aeb278
R0466.RPL,no_additional_violation_detected,3495,0,0,0,finish,NSKY,,,,,,,,a7d15df495fa512b44e5b4fae587f473f61e66f5196f388384d396e151aeb278
R0467.RPL,no_additional_violation_detected,3414,0,0,0,finish,NSKY,,,,,,,,a7d15df495fa512b44e5b4fae587f473f61e66f5196f388384d396e151aeb278
R0468.RPL,no_additional_violation_detected,3541,0,0,0,finish,NSKY,,,,,,,,a7d15df495fa512b44e5b4fae587f473f61e66f5196f388384d396e151aeb278
R0469.RPL,no_additional_violation_detected,3359,0,0,0,finish,NSKY,,,,,,,,a7d15df495fa512b44e5b4fae587f473f61e66f5196f388384d396e151aeb278
R0470.RPL,no_additional_violation_detected,3306,0,0,0,finish,NSKY,,,,,,,,a7d15df495fa512b44e5b4fae587f473f61e66f5196f388384d396e151aeb278
R0471.RPL,no_additional_violation_detected,3295,0,0,0,finish,NSKY,,,,,,,,a7d15df495fa512b44e5b4fae587f473f61e66f5196f388384d396e151aeb278
R0472.RPL,no_additional_violation_detected,3260,0,0,0,finish,NSKY,,,,,,,,a7d15df495fa512b44e5b4fae587f473f61e66f5196f388384d396e151aeb278
R0473.RPL,no_additional_violation_detected,3197,0,0,0,finish,NSKY,,,,,,,,a7d15df495fa512b44e5b4fae587f473f61e66f5196f388384d396e151aeb278
R0474.RPL,no_additional_violation_detected,1320,0,0,0,finish,SUKA,,,,,,,,e8a2a91e08dcc7857094221eed082d51bc67e1771db72d6d5d1b19b37180e64e
R0475.RPL,no_additional_violation_detected,1396,0,0,0,finish,SUKA,,,,,,,,e8a2a91e08dcc7857094221eed082d51bc67e1771db72d6d5d1b19b37180e64e
R0476.RPL,no_additional_violation_detected,1367,0,0,0,finish,SUKA,,,,,,,,e8a2a91e08dcc7857094221eed082d51bc67e1771db72d6d5d1b19b37180e64e
R0477.RPL,no_additional_violation_detected,1317,0,0,0,finish,SUKA,,,,,,,,e8a2a91e08dcc7857094221eed082d51bc67e1771db72d6d5d1b19b37180e64e
R0478.RPL,no_additional_violation_detected,1296,0,0,0,finish,SUKA,,,,,,,,e8a2a91e08dcc7857094221eed082d51bc67e1771db72d6d5d1b19b37180e64e
R0479.RPL,no_additional_violation_detected,1337,0,0,0,finish,SUKA,,,,,,,,e8a2a91e08dcc7857094221eed082d51bc67e1771db72d6d5d1b19b37180e64e
R0480.RPL,no_additional_violation_detected,1276,0,0,0,finish,SUKA,,,,,,,,e8a2a91e08dcc7857094221eed082d51bc67e1771db72d6d5d1b19b37180e64e
R0481.RPL,no_additional_violation_detected,1502,0,0,0,finish,SUKA,,,,,,,,e8a2a91e08dcc7857094221eed082d51bc67e1771db72d6d5d1b19b37180e64e
R0482.RPL,rejection_candidate,1338,3,1028,663,finish,SUKA,663,1,0,0,27,23,no wheel on or above road,e8a2a91e08dcc7857094221eed082d51bc67e1771db72d6d5d1b19b37180e64e
R0483.RPL,no_additional_violation_detected,1305,0,0,0,finish,SUKA,,,,,,,,e8a2a91e08dcc7857094221eed082d51bc67e1771db72d6d5d1b19b37180e64e
R0484.RPL,no_additional_violation_detected,1243,0,0,0,finish,SUKA,,,,,,,,e8a2a91e08dcc7857094221eed082d51bc67e1771db72d6d5d1b19b37180e64e
R0485.RPL,no_additional_violation_detected,1315,0,0,0,finish,SUKA,,,,,,,,e8a2a91e08dcc7857094221eed082d51bc67e1771db72d6d5d1b19b37180e64e
R0486.RPL,no_additional_violation_detected,1235,0,0,0,finish,SUKA,,,,,,,,e8a2a91e08dcc7857094221eed082d51bc67e1771db72d6d5d1b19b37180e64e
R0487.RPL,no_additional_violation_detected,1254,0,0,0,finish,SUKA,,,,,,,,e8a2a91e08dcc7857094221eed082d51bc67e1771db72d6d5d1b19b37180e64e
R0488.RPL,no_additional_violation_detected,1229,0,0,0,finish,SUKA,,,,,,,,e8a2a91e08dcc7857094221eed082d51bc67e1771db72d6d5d1b19b37180e64e
R0489.RPL,no_additional_violation_detected,1277,0,0,0,finish,SUKA,,,,,,,,e8a2a91e08dcc7857094221eed082d51bc67e1771db72d6d5d1b19b37180e64e
R0490.RPL,no_additional_violation_detected,1233,0,0,0,finish,SUKA,,,,,,,,e8a2a91e08dcc7857094221eed082d51bc67e1771db72d6d5d1b19b37180e64e
R0491.RPL,no_additional_violation_detected,1217,0,0,0,finish,SUKA,,,,,,,,e8a2a91e08dcc7857094221eed082d51bc67e1771db72d6d5d1b19b37180e64e
R0492.RPL,no_additional_violation_detected,1189,0,0,0,finish,SUKA,,,,,,,,e8a2a91e08dcc7857094221eed082d51bc67e1771db72d6d5d1b19b37180e64e
R0493.RPL,no_additional_violation_detected,1271,0,0,0,finish,SUKA,,,,,,,,e8a2a91e08dcc7857094221eed082d51bc67e1771db72d6d5d1b19b37180e64e
R0494.RPL,no_additional_violation_detected,1213,0,0,0,finish,SUKA,,,,,,,,e8a2a91e08dcc7857094221eed082d51bc67e1771db72d6d5d1b19b37180e64e
R0495.RPL,no_additional_violation_detected,1208,0,0,0,finish,SUKA,,,,,,,,e8a2a91e08dcc7857094221eed082d51bc67e1771db72d6d5d1b19b37180e64e
R0496.RPL,no_additional_violation_detected,1201,0,0,0,finish,SUKA,,,,,,,,e8a2a91e08dcc7857094221eed082d51bc67e1771db72d6d5d1b19b37180e64e
R0497.RPL,no_additional_violation_detected,1189,0,0,0,finish,SUKA,,,,,,,,e8a2a91e08dcc7857094221eed082d51bc67e1771db72d6d5d1b19b37180e64e
R0498.RPL,no_additional_violation_detected,1856,0,0,0,finish,CERV,,,,,,,,a772dee9c08ad7450a37031d483a9db42c605061b085aa6397b37628447103b7
R0499.RPL,no_additional_violation_detected,1757,0,0,0,finish,CERV,,,,,,,,a772dee9c08ad7450a37031d483a9db42c605061b085aa6397b37628447103b7
R0500.RPL,no_additional_violation_detected,1905,0,0,0,finish,CERV,,,,,,,,a772dee9c08ad7450a37031d483a9db42c605061b085aa6397b37628447103b7
R0501.RPL,no_additional_violation_detected,1788,0,0,0,finish,CERV,,,,,,,,a772dee9c08ad7450a37031d483a9db42c605061b085aa6397b37628447103b7
R0502.RPL,no_additional_violation_detected,1856,0,0,0,finish,CERV,,,,,,,,a772dee9c08ad7450a37031d483a9db42c605061b085aa6397b37628447103b7
R0503.RPL,rejection_candidate,2055,3,0,1627,finish,CERV,1627,1,0,0,-99,0,no wheel on or above road,a772dee9c08ad7450a37031d483a9db42c605061b085aa6397b37628447103b7
R0504.RPL,no_additional_violation_detected,1711,0,0,0,finish,CERV,,,,,,,,a772dee9c08ad7450a37031d483a9db42c605061b085aa6397b37628447103b7
R0505.RPL,no_additional_violation_detected,1881,0,0,0,finish,CERV,,,,,,,,a772dee9c08ad7450a37031d483a9db42c605061b085aa6397b37628447103b7
R0506.RPL,no_additional_violation_detected,1983,0,0,0,finish,CERV,,,,,,,,a772dee9c08ad7450a37031d483a9db42c605061b085aa6397b37628447103b7
R0507.RPL,no_additional_violation_detected,1724,0,0,0,finish,CERV,,,,,,,,a772dee9c08ad7450a37031d483a9db42c605061b085aa6397b37628447103b7
R0508.RPL,no_additional_violation_detected,1718,0,0,0,finish,CERV,,,,,,,,a772dee9c08ad7450a37031d483a9db42c605061b085aa6397b37628447103b7
R0509.RPL,no_additional_violation_detected,1695,0,0,0,finish,CERV,,,,,,,,a772dee9c08ad7450a37031d483a9db42c605061b085aa6397b37628447103b7
R0510.RPL,no_additional_violation_detected,1691,0,0,0,finish,CERV,,,,,,,,a772dee9c08ad7450a37031d483a9db42c605061b085aa6397b37628447103b7
R0511.RPL,no_additional_violation_detected,1669,0,0,0,finish,CERV,,,,,,,,a772dee9c08ad7450a37031d483a9db42c605061b085aa6397b37628447103b7
R0512.RPL,no_additional_violation_detected,1663,0,0,0,finish,CERV,,,,,,,,a772dee9c08ad7450a37031d483a9db42c605061b085aa6397b37628447103b7
R0513.RPL,no_additional_violation_detected,1650,0,0,0,finish,CERV,,,,,,,,a772dee9c08ad7450a37031d483a9db42c605061b085aa6397b37628447103b7
R0514.RPL,no_additional_violation_detected,1967,0,0,0,finish,CERV,,,,,,,,a772dee9c08ad7450a37031d483a9db42c605061b085aa6397b37628447103b7
R0515.RPL,no_additional_violation_detected,1646,0,0,0,finish,CERV,,,,,,,,a772dee9c08ad7450a37031d483a9db42c605061b085aa6397b37628447103b7
R0516.RPL,no_additional_violation_detected,1645,0,0,0,finish,CERV,,,,,,,,a772dee9c08ad7450a37031d483a9db42c605061b085aa6397b37628447103b7
R0517.RPL,no_additional_violation_detected,1642,0,0,0,finish,CERV,,,,,,,,a772dee9c08ad7450a37031d483a9db42c605061b085aa6397b37628447103b7
R0518.RPL,no_additional_violation_detected,1695,0,0,0,finish,CERV,,,,,,,,a772dee9c08ad7450a37031d483a9db42c605061b085aa6397b37628447103b7
R0519.RPL,no_additional_violation_detected,1685,0,0,0,finish,CERV,,,,,,,,a772dee9c08ad7450a37031d483a9db42c605061b085aa6397b37628447103b7
R0520.RPL,no_additional_violation_detected,1640,0,0,0,finish,CERV,,,,,,,,a772dee9c08ad7450a37031d483a9db42c605061b085aa6397b37628447103b7
R0521.RPL,no_additional_violation_detected,1631,0,0,0,finish,CERV,,,,,,,,a772dee9c08ad7450a37031d483a9db42c605061b085aa6397b37628447103b7
R0522.RPL,no_additional_violation_detected,1674,0,0,0,finish,CERV,,,,,,,,a772dee9c08ad7450a37031d483a9db42c605061b085aa6397b37628447103b7
R0523.RPL,no_additional_violation_detected,1617,0,0,0,finish,CERV,,,,,,,,a772dee9c08ad7450a37031d483a9db42c605061b085aa6397b37628447103b7
R0524.RPL,no_additional_violation_detected,1870,0,0,0,finish,ZMP4,,,,,,,,b72ccebe57b16c1411590f63af40374c5d463e37d2b58431a6279da7666a9b21
R0525.RPL,no_additional_violation_detected,1685,0,0,0,finish,ZMP4,,,,,,,,b72ccebe57b16c1411590f63af40374c5d463e37d2b58431a6279da7666a9b21
R0526.RPL,rejection_candidate,1731,1344,233,0,finish,ZMP4,233,0,0,15,28,0,stunt route incomplete,b72ccebe57b16c1411590f63af40374c5d463e37d2b58431a6279da7666a9b21
R0527.RPL,no_additional_violation_detected,1519,0,0,0,finish,ZMP4,,,,,,,,b72ccebe57b16c1411590f63af40374c5d463e37d2b58431a6279da7666a9b21
R0528.RPL,rejection_candidate,1794,1408,227,0,finish,ZMP4,227,0,0,15,28,0,stunt route incomplete,b72ccebe57b16c1411590f63af40374c5d463e37d2b58431a6279da7666a9b21
R0529.RPL,rejection_candidate,1869,15,0,1331,finish,ZMP4,1331,1,0,0,-99,0,no wheel on or above road,b72ccebe57b16c1411590f63af40374c5d463e37d2b58431a6279da7666a9b21
R0530.RPL,no_additional_violation_detected,1651,0,0,0,finish,ZMP4,,,,,,,,b72ccebe57b16c1411590f63af40374c5d463e37d2b58431a6279da7666a9b21
R0531.RPL,rejection_candidate,1660,378,1253,0,finish,ZMP4,1253,0,0,15,34,0,stunt route incomplete,b72ccebe57b16c1411590f63af40374c5d463e37d2b58431a6279da7666a9b21
R0532.RPL,no_additional_violation_detected,1858,0,0,0,finish,ZMP4,,,,,,,,b72ccebe57b16c1411590f63af40374c5d463e37d2b58431a6279da7666a9b21
R0533.RPL,rejection_candidate,1614,1331,261,0,finish,ZMP4,261,0,0,15,34,1,stunt route incomplete,b72ccebe57b16c1411590f63af40374c5d463e37d2b58431a6279da7666a9b21
R0534.RPL,rejection_candidate,1856,1549,277,0,finish,ZMP4,277,0,0,15,34,0,stunt route incomplete,b72ccebe57b16c1411590f63af40374c5d463e37d2b58431a6279da7666a9b21
R0535.RPL,no_additional_violation_detected,1518,0,0,0,finish,ZMP4,,,,,,,,b72ccebe57b16c1411590f63af40374c5d463e37d2b58431a6279da7666a9b21
R0536.RPL,rejection_candidate,1439,55,0,406,finish,PMIN,406,1,0,0,-99,0,no wheel on or above road,9318b26210d57c228de04e3b8fb925d6e53af5387773326f3893fea0718bddb6
R0537.RPL,no_additional_violation_detected,1426,0,0,0,finish,PMIN,,,,,,,,9318b26210d57c228de04e3b8fb925d6e53af5387773326f3893fea0718bddb6
R0538.RPL,rejection_candidate,1381,17,0,691,finish,PMIN,691,1,0,0,-99,0,no wheel on or above road,9318b26210d57c228de04e3b8fb925d6e53af5387773326f3893fea0718bddb6
R0539.RPL,rejection_candidate,684,444,226,154,finish,PMIN,154,1,0,0,-99,0,no wheel on or above road,9318b26210d57c228de04e3b8fb925d6e53af5387773326f3893fea0718bddb6
R0540.RPL,rejection_candidate,1152,202,993,835,finish,PMIN,835,1,0,0,-99,0,no wheel on or above road,9318b26210d57c228de04e3b8fb925d6e53af5387773326f3893fea0718bddb6
R0541.RPL,rejection_candidate,766,428,229,162,finish,PMIN,162,1,0,0,-99,0,no wheel on or above road,9318b26210d57c228de04e3b8fb925d6e53af5387773326f3893fea0718bddb6
R0542.RPL,rejection_candidate,1070,608,449,443,finish,PMIN,443,1,0,0,27,7,no wheel on or above road,9318b26210d57c228de04e3b8fb925d6e53af5387773326f3893fea0718bddb6
R0543.RPL,rejection_candidate,1319,739,576,496,finish,PMIN,496,1,0,0,-99,0,no wheel on or above road,9318b26210d57c228de04e3b8fb925d6e53af5387773326f3893fea0718bddb6
R0544.RPL,rejection_candidate,659,484,156,168,finish,PMIN,156,0,0,15,27,16,stunt route incomplete,9318b26210d57c228de04e3b8fb925d6e53af5387773326f3893fea0718bddb6
R0545.RPL,rejection_candidate,708,488,226,156,finish,PMIN,156,1,0,0,-99,0,no wheel on or above road,9318b26210d57c228de04e3b8fb925d6e53af5387773326f3893fea0718bddb6
R0546.RPL,rejection_candidate,630,414,223,153,finish,PMIN,153,1,0,0,-99,0,no wheel on or above road,9318b26210d57c228de04e3b8fb925d6e53af5387773326f3893fea0718bddb6
R0547.RPL,rejection_candidate,659,469,223,155,finish,PMIN,155,1,0,0,-99,0,no wheel on or above road,9318b26210d57c228de04e3b8fb925d6e53af5387773326f3893fea0718bddb6
R0548.RPL,rejection_candidate,675,438,229,162,finish,PMIN,162,1,0,0,-99,0,no wheel on or above road,9318b26210d57c228de04e3b8fb925d6e53af5387773326f3893fea0718bddb6
R0549.RPL,no_additional_violation_detected,2906,0,0,0,finish,JAGU,,,,,,,,1cb965ccdf009b63b2be25e94f4b6d918c93ef4fc0f139e4315dc13c65deeeef
R0550.RPL,no_additional_violation_detected,2772,0,0,0,finish,JAGU,,,,,,,,1cb965ccdf009b63b2be25e94f4b6d918c93ef4fc0f139e4315dc13c65deeeef
R0551.RPL,no_additional_violation_detected,2660,0,0,0,finish,JAGU,,,,,,,,1cb965ccdf009b63b2be25e94f4b6d918c93ef4fc0f139e4315dc13c65deeeef
R0552.RPL,no_additional_violation_detected,2651,0,0,0,finish,JAGU,,,,,,,,1cb965ccdf009b63b2be25e94f4b6d918c93ef4fc0f139e4315dc13c65deeeef
R0553.RPL,no_additional_violation_detected,2791,0,0,0,finish,JAGU,,,,,,,,1cb965ccdf009b63b2be25e94f4b6d918c93ef4fc0f139e4315dc13c65deeeef
R0554.RPL,no_additional_violation_detected,2981,0,0,0,finish,JAGU,,,,,,,,1cb965ccdf009b63b2be25e94f4b6d918c93ef4fc0f139e4315dc13c65deeeef
R0555.RPL,no_additional_violation_detected,2668,0,0,0,finish,JAGU,,,,,,,,1cb965ccdf009b63b2be25e94f4b6d918c93ef4fc0f139e4315dc13c65deeeef
R0556.RPL,no_additional_violation_detected,3337,0,0,0,finish,JAGU,,,,,,,,1cb965ccdf009b63b2be25e94f4b6d918c93ef4fc0f139e4315dc13c65deeeef
R0557.RPL,rejection_candidate,2765,1,0,1716,finish,JAGU,1716,1,0,0,-99,0,no wheel on or above road,1cb965ccdf009b63b2be25e94f4b6d918c93ef4fc0f139e4315dc13c65deeeef
R0558.RPL,no_additional_violation_detected,2672,0,0,0,finish,JAGU,,,,,,,,1cb965ccdf009b63b2be25e94f4b6d918c93ef4fc0f139e4315dc13c65deeeef
R0559.RPL,no_additional_violation_detected,2629,0,0,0,finish,JAGU,,,,,,,,1cb965ccdf009b63b2be25e94f4b6d918c93ef4fc0f139e4315dc13c65deeeef
R0560.RPL,no_additional_violation_detected,2610,0,0,0,finish,JAGU,,,,,,,,1cb965ccdf009b63b2be25e94f4b6d918c93ef4fc0f139e4315dc13c65deeeef
R0561.RPL,no_additional_violation_detected,2564,0,0,0,finish,JAGU,,,,,,,,1cb965ccdf009b63b2be25e94f4b6d918c93ef4fc0f139e4315dc13c65deeeef
R0562.RPL,no_additional_violation_detected,2477,0,0,0,finish,JAGU,,,,,,,,1cb965ccdf009b63b2be25e94f4b6d918c93ef4fc0f139e4315dc13c65deeeef
R0563.RPL,no_additional_violation_detected,2941,0,0,0,finish,JAGU,,,,,,,,1cb965ccdf009b63b2be25e94f4b6d918c93ef4fc0f139e4315dc13c65deeeef
R0564.RPL,rejection_candidate,3218,3,0,418,finish,JAGU,418,1,0,0,-99,0,no wheel on or above road,1cb965ccdf009b63b2be25e94f4b6d918c93ef4fc0f139e4315dc13c65deeeef
R0565.RPL,no_additional_violation_detected,1783,0,0,0,finish,CDOR,,,,,,,,2e17d5e989342e76d44700883fa26b830bc44307ee3fe63b813e03ce2eba28db
R0566.RPL,no_additional_violation_detected,1834,0,0,0,finish,CDOR,,,,,,,,2e17d5e989342e76d44700883fa26b830bc44307ee3fe63b813e03ce2eba28db
R0567.RPL,no_additional_violation_detected,1776,0,0,0,finish,CDOR,,,,,,,,2e17d5e989342e76d44700883fa26b830bc44307ee3fe63b813e03ce2eba28db
R0568.RPL,rejection_candidate,1714,6,0,1125,finish,CDOR,1125,1,0,0,-99,0,no wheel on or above road,2e17d5e989342e76d44700883fa26b830bc44307ee3fe63b813e03ce2eba28db
R0569.RPL,rejection_candidate,1873,5,0,1217,finish,CDOR,1217,1,0,0,-99,0,no wheel on or above road,2e17d5e989342e76d44700883fa26b830bc44307ee3fe63b813e03ce2eba28db
R0570.RPL,no_additional_violation_detected,1870,0,0,0,finish,CDOR,,,,,,,,2e17d5e989342e76d44700883fa26b830bc44307ee3fe63b813e03ce2eba28db
R0571.RPL,no_additional_violation_detected,1809,0,0,0,finish,CDOR,,,,,,,,2e17d5e989342e76d44700883fa26b830bc44307ee3fe63b813e03ce2eba28db
R0572.RPL,no_additional_violation_detected,1692,0,0,0,finish,CDOR,,,,,,,,2e17d5e989342e76d44700883fa26b830bc44307ee3fe63b813e03ce2eba28db
R0573.RPL,no_additional_violation_detected,1809,0,0,0,finish,CDOR,,,,,,,,2e17d5e989342e76d44700883fa26b830bc44307ee3fe63b813e03ce2eba28db
R0574.RPL,no_additional_violation_detected,1706,0,0,0,finish,CDOR,,,,,,,,2e17d5e989342e76d44700883fa26b830bc44307ee3fe63b813e03ce2eba28db
R0575.RPL,no_additional_violation_detected,1684,0,0,0,finish,CDOR,,,,,,,,2e17d5e989342e76d44700883fa26b830bc44307ee3fe63b813e03ce2eba28db
R0576.RPL,no_additional_violation_detected,1666,0,0,0,finish,CDOR,,,,,,,,2e17d5e989342e76d44700883fa26b830bc44307ee3fe63b813e03ce2eba28db
R0577.RPL,no_additional_violation_detected,1680,0,0,0,finish,CDOR,,,,,,,,2e17d5e989342e76d44700883fa26b830bc44307ee3fe63b813e03ce2eba28db
R0578.RPL,no_additional_violation_detected,1677,0,0,0,finish,CDOR,,,,,,,,2e17d5e989342e76d44700883fa26b830bc44307ee3fe63b813e03ce2eba28db
R0579.RPL,no_additional_violation_detected,1670,0,0,0,finish,CDOR,,,,,,,,2e17d5e989342e76d44700883fa26b830bc44307ee3fe63b813e03ce2eba28db
R0580.RPL,no_additional_violation_detected,1659,0,0,0,finish,CDOR,,,,,,,,2e17d5e989342e76d44700883fa26b830bc44307ee3fe63b813e03ce2eba28db
R0581.RPL,no_additional_violation_detected,2122,0,0,0,finish,F456,,,,,,,,c50bd6be4abb42f1174a465ec6a8843e46b02cbda999208e8748a1a496b490c4
R0582.RPL,no_additional_violation_detected,2044,0,0,0,finish,F456,,,,,,,,c50bd6be4abb42f1174a465ec6a8843e46b02cbda999208e8748a1a496b490c4
R0583.RPL,no_additional_violation_detected,1959,0,0,0,finish,F456,,,,,,,,c50bd6be4abb42f1174a465ec6a8843e46b02cbda999208e8748a1a496b490c4
R0584.RPL,no_additional_violation_detected,1989,0,0,0,finish,F456,,,,,,,,c50bd6be4abb42f1174a465ec6a8843e46b02cbda999208e8748a1a496b490c4
R0585.RPL,no_additional_violation_detected,2005,0,0,0,finish,F456,,,,,,,,c50bd6be4abb42f1174a465ec6a8843e46b02cbda999208e8748a1a496b490c4
R0586.RPL,no_additional_violation_detected,2075,0,0,0,finish,F456,,,,,,,,c50bd6be4abb42f1174a465ec6a8843e46b02cbda999208e8748a1a496b490c4
R0587.RPL,no_additional_violation_detected,2033,0,0,0,finish,F456,,,,,,,,c50bd6be4abb42f1174a465ec6a8843e46b02cbda999208e8748a1a496b490c4
R0588.RPL,no_additional_violation_detected,2022,0,0,0,finish,F456,,,,,,,,c50bd6be4abb42f1174a465ec6a8843e46b02cbda999208e8748a1a496b490c4
R0589.RPL,no_additional_violation_detected,1940,0,0,0,finish,F456,,,,,,,,c50bd6be4abb42f1174a465ec6a8843e46b02cbda999208e8748a1a496b490c4
R0590.RPL,no_additional_violation_detected,1953,0,0,0,finish,F456,,,,,,,,c50bd6be4abb42f1174a465ec6a8843e46b02cbda999208e8748a1a496b490c4
R0591.RPL,no_additional_violation_detected,1917,0,0,0,finish,F456,,,,,,,,c50bd6be4abb42f1174a465ec6a8843e46b02cbda999208e8748a1a496b490c4
R0592.RPL,no_additional_violation_detected,2119,0,0,0,finish,F456,,,,,,,,c50bd6be4abb42f1174a465ec6a8843e46b02cbda999208e8748a1a496b490c4
R0593.RPL,no_additional_violation_detected,1888,0,0,0,finish,F456,,,,,,,,c50bd6be4abb42f1174a465ec6a8843e46b02cbda999208e8748a1a496b490c4
R0594.RPL,no_additional_violation_detected,1955,0,0,0,finish,F456,,,,,,,,c50bd6be4abb42f1174a465ec6a8843e46b02cbda999208e8748a1a496b490c4
R0595.RPL,no_additional_violation_detected,1954,0,0,0,finish,F456,,,,,,,,c50bd6be4abb42f1174a465ec6a8843e46b02cbda999208e8748a1a496b490c4
R0596.RPL,no_additional_violation_detected,1943,0,0,0,finish,F456,,,,,,,,c50bd6be4abb42f1174a465ec6a8843e46b02cbda999208e8748a1a496b490c4
R0597.RPL,no_additional_violation_detected,1941,0,0,0,finish,F456,,,,,,,,c50bd6be4abb42f1174a465ec6a8843e46b02cbda999208e8748a1a496b490c4
R0598.RPL,no_additional_violation_detected,1927,0,0,0,finish,F456,,,,,,,,c50bd6be4abb42f1174a465ec6a8843e46b02cbda999208e8748a1a496b490c4
R0599.RPL,no_additional_violation_detected,1916,0,0,0,finish,F456,,,,,,,,c50bd6be4abb42f1174a465ec6a8843e46b02cbda999208e8748a1a496b490c4
R0600.RPL,no_additional_violation_detected,1615,0,0,0,finish,LANC,,,,,,,,645608a006c5f913cb0105e36d259434628e9741200878f0196df63516d3f95c
R0601.RPL,no_additional_violation_detected,1592,0,0,0,finish,LANC,,,,,,,,645608a006c5f913cb0105e36d259434628e9741200878f0196df63516d3f95c
R0602.RPL,no_additional_violation_detected,1556,0,0,0,finish,STRA,,,,,,,,645608a006c5f913cb0105e36d259434628e9741200878f0196df63516d3f95c
R0603.RPL,no_additional_violation_detected,1672,0,0,0,finish,LANC,,,,,,,,645608a006c5f913cb0105e36d259434628e9741200878f0196df63516d3f95c
R0604.RPL,no_additional_violation_detected,1597,0,0,0,finish,LANC,,,,,,,,645608a006c5f913cb0105e36d259434628e9741200878f0196df63516d3f95c
R0605.RPL,no_additional_violation_detected,1576,0,0,0,finish,LANC,,,,,,,,645608a006c5f913cb0105e36d259434628e9741200878f0196df63516d3f95c
R0606.RPL,no_additional_violation_detected,1560,0,0,0,finish,LANC,,,,,,,,645608a006c5f913cb0105e36d259434628e9741200878f0196df63516d3f95c
R0607.RPL,no_additional_violation_detected,1535,0,0,0,finish,LANC,,,,,,,,645608a006c5f913cb0105e36d259434628e9741200878f0196df63516d3f95c
R0608.RPL,no_additional_violation_detected,1551,0,0,0,finish,LANC,,,,,,,,645608a006c5f913cb0105e36d259434628e9741200878f0196df63516d3f95c
R0609.RPL,no_additional_violation_detected,1545,0,0,0,finish,LANC,,,,,,,,645608a006c5f913cb0105e36d259434628e9741200878f0196df63516d3f95c
R0610.RPL,no_additional_violation_detected,1505,0,0,0,finish,LANC,,,,,,,,645608a006c5f913cb0105e36d259434628e9741200878f0196df63516d3f95c
R0611.RPL,no_additional_violation_detected,1586,0,0,0,finish,STRA,,,,,,,,645608a006c5f913cb0105e36d259434628e9741200878f0196df63516d3f95c
R0612.RPL,no_additional_violation_detected,1499,0,0,0,finish,STRA,,,,,,,,645608a006c5f913cb0105e36d259434628e9741200878f0196df63516d3f95c
R0613.RPL,no_additional_violation_detected,1523,0,0,0,finish,STRA,,,,,,,,645608a006c5f913cb0105e36d259434628e9741200878f0196df63516d3f95c
R0614.RPL,no_additional_violation_detected,1595,0,0,0,finish,STRA,,,,,,,,645608a006c5f913cb0105e36d259434628e9741200878f0196df63516d3f95c
R0615.RPL,no_additional_violation_detected,1595,0,0,0,finish,STRA,,,,,,,,645608a006c5f913cb0105e36d259434628e9741200878f0196df63516d3f95c
R0616.RPL,no_additional_violation_detected,1627,0,0,0,finish,LANC,,,,,,,,645608a006c5f913cb0105e36d259434628e9741200878f0196df63516d3f95c
R0617.RPL,no_additional_violation_detected,1595,0,0,0,finish,STRA,,,,,,,,645608a006c5f913cb0105e36d259434628e9741200878f0196df63516d3f95c
R0618.RPL,no_additional_violation_detected,1582,0,0,0,finish,LANC,,,,,,,,645608a006c5f913cb0105e36d259434628e9741200878f0196df63516d3f95c
R0619.RPL,no_additional_violation_detected,1540,0,0,0,finish,STRA,,,,,,,,645608a006c5f913cb0105e36d259434628e9741200878f0196df63516d3f95c
R0620.RPL,no_additional_violation_detected,1518,0,0,0,finish,STRA,,,,,,,,645608a006c5f913cb0105e36d259434628e9741200878f0196df63516d3f95c
R0621.RPL,no_additional_violation_detected,1505,0,0,0,finish,STRA,,,,,,,,645608a006c5f913cb0105e36d259434628e9741200878f0196df63516d3f95c
R0622.RPL,no_additional_violation_detected,1499,0,0,0,finish,STRA,,,,,,,,645608a006c5f913cb0105e36d259434628e9741200878f0196df63516d3f95c
R0623.RPL,no_additional_violation_detected,1498,0,0,0,finish,STRA,,,,,,,,645608a006c5f913cb0105e36d259434628e9741200878f0196df63516d3f95c
R0624.RPL,no_additional_violation_detected,1497,0,0,0,finish,STRA,,,,,,,,645608a006c5f913cb0105e36d259434628e9741200878f0196df63516d3f95c
R0625.RPL,no_additional_violation_detected,1468,0,0,0,finish,STRA,,,,,,,,645608a006c5f913cb0105e36d259434628e9741200878f0196df63516d3f95c
R0626.RPL,no_additional_violation_detected,1496,0,0,0,finish,STRA,,,,,,,,645608a006c5f913cb0105e36d259434628e9741200878f0196df63516d3f95c
R0627.RPL,no_additional_violation_detected,1488,0,0,0,finish,STRA,,,,,,,,645608a006c5f913cb0105e36d259434628e9741200878f0196df63516d3f95c
R0628.RPL,no_additional_violation_detected,1483,0,0,0,finish,STRA,,,,,,,,645608a006c5f913cb0105e36d259434628e9741200878f0196df63516d3f95c
R0629.RPL,no_additional_violation_detected,1474,0,0,0,finish,STRA,,,,,,,,645608a006c5f913cb0105e36d259434628e9741200878f0196df63516d3f95c
R0630.RPL,no_additional_violation_detected,2415,0,0,0,finish,GATE,,,,,,,,c27ce19e4248c312eff4748bca12d79a7c21fd1c16350b74c379948d6afe48ae
R0631.RPL,no_additional_violation_detected,2372,0,0,0,finish,GATE,,,,,,,,c27ce19e4248c312eff4748bca12d79a7c21fd1c16350b74c379948d6afe48ae
R0632.RPL,no_additional_violation_detected,2517,0,0,0,finish,GATE,,,,,,,,c27ce19e4248c312eff4748bca12d79a7c21fd1c16350b74c379948d6afe48ae
R0633.RPL,no_additional_violation_detected,2354,0,0,0,finish,GATE,,,,,,,,c27ce19e4248c312eff4748bca12d79a7c21fd1c16350b74c379948d6afe48ae
R0634.RPL,no_additional_violation_detected,2423,0,0,0,finish,GATE,,,,,,,,c27ce19e4248c312eff4748bca12d79a7c21fd1c16350b74c379948d6afe48ae
R0635.RPL,no_additional_violation_detected,2400,0,0,0,finish,GATE,,,,,,,,c27ce19e4248c312eff4748bca12d79a7c21fd1c16350b74c379948d6afe48ae
R0636.RPL,no_additional_violation_detected,2314,0,0,0,finish,GATE,,,,,,,,c27ce19e4248c312eff4748bca12d79a7c21fd1c16350b74c379948d6afe48ae
R0637.RPL,no_additional_violation_detected,2194,0,0,0,finish,GATE,,,,,,,,c27ce19e4248c312eff4748bca12d79a7c21fd1c16350b74c379948d6afe48ae
R0638.RPL,no_additional_violation_detected,2157,0,0,0,finish,GATE,,,,,,,,c27ce19e4248c312eff4748bca12d79a7c21fd1c16350b74c379948d6afe48ae
R0639.RPL,no_additional_violation_detected,2143,0,0,0,finish,GATE,,,,,,,,c27ce19e4248c312eff4748bca12d79a7c21fd1c16350b74c379948d6afe48ae
R0640.RPL,rejection_candidate,2063,1,0,1550,finish,GATE,1550,1,0,0,31,2,no wheel on or above road,c27ce19e4248c312eff4748bca12d79a7c21fd1c16350b74c379948d6afe48ae
R0641.RPL,no_additional_violation_detected,1291,0,0,0,finish,LOLA,,,,,,,,d1f37c1ea2142f986ebe4bb89fc25bf6a48d35aecbf9160e46e0c0ea1b28d29b
R0642.RPL,no_additional_violation_detected,1307,0,0,0,finish,LOLA,,,,,,,,d1f37c1ea2142f986ebe4bb89fc25bf6a48d35aecbf9160e46e0c0ea1b28d29b
R0643.RPL,no_additional_violation_detected,1261,0,0,0,finish,LOLA,,,,,,,,d1f37c1ea2142f986ebe4bb89fc25bf6a48d35aecbf9160e46e0c0ea1b28d29b
R0644.RPL,no_additional_violation_detected,1391,0,0,0,finish,LOLA,,,,,,,,d1f37c1ea2142f986ebe4bb89fc25bf6a48d35aecbf9160e46e0c0ea1b28d29b
R0645.RPL,no_additional_violation_detected,1325,0,0,0,finish,LOLA,,,,,,,,d1f37c1ea2142f986ebe4bb89fc25bf6a48d35aecbf9160e46e0c0ea1b28d29b
R0646.RPL,no_additional_violation_detected,1230,0,0,0,finish,LOLA,,,,,,,,d1f37c1ea2142f986ebe4bb89fc25bf6a48d35aecbf9160e46e0c0ea1b28d29b
R0647.RPL,no_additional_violation_detected,1293,0,0,0,finish,LOLA,,,,,,,,d1f37c1ea2142f986ebe4bb89fc25bf6a48d35aecbf9160e46e0c0ea1b28d29b
R0648.RPL,no_additional_violation_detected,1360,0,0,0,finish,LOLA,,,,,,,,d1f37c1ea2142f986ebe4bb89fc25bf6a48d35aecbf9160e46e0c0ea1b28d29b
R0649.RPL,no_additional_violation_detected,1279,0,0,0,finish,LOLA,,,,,,,,d1f37c1ea2142f986ebe4bb89fc25bf6a48d35aecbf9160e46e0c0ea1b28d29b
R0650.RPL,no_additional_violation_detected,1364,0,0,0,finish,LOLA,,,,,,,,d1f37c1ea2142f986ebe4bb89fc25bf6a48d35aecbf9160e46e0c0ea1b28d29b
R0651.RPL,no_additional_violation_detected,1332,0,0,0,finish,LOLA,,,,,,,,d1f37c1ea2142f986ebe4bb89fc25bf6a48d35aecbf9160e46e0c0ea1b28d29b
R0652.RPL,no_additional_violation_detected,1174,0,0,0,finish,LOLA,,,,,,,,d1f37c1ea2142f986ebe4bb89fc25bf6a48d35aecbf9160e46e0c0ea1b28d29b
R0653.RPL,no_additional_violation_detected,1237,0,0,0,finish,LOLA,,,,,,,,d1f37c1ea2142f986ebe4bb89fc25bf6a48d35aecbf9160e46e0c0ea1b28d29b
R0654.RPL,no_additional_violation_detected,1220,0,0,0,finish,LOLA,,,,,,,,d1f37c1ea2142f986ebe4bb89fc25bf6a48d35aecbf9160e46e0c0ea1b28d29b
R0655.RPL,rejection_candidate,1174,2,0,906,finish,LOLA,906,1,0,0,31,2,no wheel on or above road,d1f37c1ea2142f986ebe4bb89fc25bf6a48d35aecbf9160e46e0c0ea1b28d29b
R0656.RPL,no_additional_violation_detected,1227,0,0,0,finish,LOLA,,,,,,,,d1f37c1ea2142f986ebe4bb89fc25bf6a48d35aecbf9160e46e0c0ea1b28d29b
R0657.RPL,no_additional_violation_detected,2616,0,0,0,finish,CSIL,,,,,,,,32705a9404fbd763b471b6e85979a58233f6e0bfb560829541d9e0f178f8dbe3
R0658.RPL,no_additional_violation_detected,2586,0,0,0,finish,CSIL,,,,,,,,32705a9404fbd763b471b6e85979a58233f6e0bfb560829541d9e0f178f8dbe3
R0659.RPL,no_additional_violation_detected,2504,0,0,0,finish,CSIL,,,,,,,,32705a9404fbd763b471b6e85979a58233f6e0bfb560829541d9e0f178f8dbe3
R0660.RPL,no_additional_violation_detected,2446,0,0,0,finish,CSIL,,,,,,,,32705a9404fbd763b471b6e85979a58233f6e0bfb560829541d9e0f178f8dbe3
R0661.RPL,no_additional_violation_detected,2673,0,0,0,finish,CSIL,,,,,,,,32705a9404fbd763b471b6e85979a58233f6e0bfb560829541d9e0f178f8dbe3
R0662.RPL,no_additional_violation_detected,2632,0,0,0,finish,CSIL,,,,,,,,32705a9404fbd763b471b6e85979a58233f6e0bfb560829541d9e0f178f8dbe3
R0663.RPL,no_additional_violation_detected,2619,0,0,0,finish,CSIL,,,,,,,,32705a9404fbd763b471b6e85979a58233f6e0bfb560829541d9e0f178f8dbe3
R0664.RPL,no_additional_violation_detected,2728,0,0,0,finish,CSIL,,,,,,,,32705a9404fbd763b471b6e85979a58233f6e0bfb560829541d9e0f178f8dbe3
R0665.RPL,no_additional_violation_detected,2542,0,0,0,finish,CSIL,,,,,,,,32705a9404fbd763b471b6e85979a58233f6e0bfb560829541d9e0f178f8dbe3
R0666.RPL,no_additional_violation_detected,2511,0,0,0,finish,CSIL,,,,,,,,32705a9404fbd763b471b6e85979a58233f6e0bfb560829541d9e0f178f8dbe3
R0667.RPL,no_additional_violation_detected,2405,0,0,0,finish,CSIL,,,,,,,,32705a9404fbd763b471b6e85979a58233f6e0bfb560829541d9e0f178f8dbe3
R0668.RPL,rejection_candidate,1442,2,0,104,finish,PMIN,104,1,0,0,31,2,no wheel on or above road,3913df1d505374be81606c9654da42d9a0ea97d42c2e9aa406b8aa60711b3c33
R0669.RPL,no_additional_violation_detected,1683,0,0,0,finish,PMIN,,,,,,,,3913df1d505374be81606c9654da42d9a0ea97d42c2e9aa406b8aa60711b3c33
R0670.RPL,no_additional_violation_detected,1836,0,0,0,finish,PMIN,,,,,,,,3913df1d505374be81606c9654da42d9a0ea97d42c2e9aa406b8aa60711b3c33
R0671.RPL,no_additional_violation_detected,2005,0,0,0,finish,PMIN,,,,,,,,3913df1d505374be81606c9654da42d9a0ea97d42c2e9aa406b8aa60711b3c33
R0672.RPL,rejection_candidate,1923,862,1005,0,finish,PMIN,1005,0,0,15,34,0,stunt route incomplete,3913df1d505374be81606c9654da42d9a0ea97d42c2e9aa406b8aa60711b3c33
R0673.RPL,no_additional_violation_detected,1849,0,0,0,finish,PMIN,,,,,,,,3913df1d505374be81606c9654da42d9a0ea97d42c2e9aa406b8aa60711b3c33
R0674.RPL,no_additional_violation_detected,1855,0,0,0,finish,PMIN,,,,,,,,3913df1d505374be81606c9654da42d9a0ea97d42c2e9aa406b8aa60711b3c33
R0675.RPL,no_additional_violation_detected,1785,0,0,0,finish,PMIN,,,,,,,,3913df1d505374be81606c9654da42d9a0ea97d42c2e9aa406b8aa60711b3c33
R0676.RPL,no_additional_violation_detected,1771,0,0,0,finish,PMIN,,,,,,,,3913df1d505374be81606c9654da42d9a0ea97d42c2e9aa406b8aa60711b3c33
R0677.RPL,no_additional_violation_detected,1686,0,0,0,finish,PMIN,,,,,,,,3913df1d505374be81606c9654da42d9a0ea97d42c2e9aa406b8aa60711b3c33
R0678.RPL,no_additional_violation_detected,1670,0,0,0,finish,PMIN,,,,,,,,3913df1d505374be81606c9654da42d9a0ea97d42c2e9aa406b8aa60711b3c33
R0679.RPL,no_additional_violation_detected,1489,0,0,0,finish,PMIN,,,,,,,,3913df1d505374be81606c9654da42d9a0ea97d42c2e9aa406b8aa60711b3c33
R0680.RPL,no_additional_violation_detected,3792,0,0,0,finish,ZF40,,,,,,,,02ef59389eb906c5574740fa3e0142693d4869d3c9fb0f9ea52d8ef6e50ed473
R0681.RPL,no_additional_violation_detected,3688,0,0,0,finish,ZF40,,,,,,,,02ef59389eb906c5574740fa3e0142693d4869d3c9fb0f9ea52d8ef6e50ed473
R0682.RPL,no_additional_violation_detected,3983,0,0,0,finish,ZF40,,,,,,,,02ef59389eb906c5574740fa3e0142693d4869d3c9fb0f9ea52d8ef6e50ed473
R0683.RPL,no_additional_violation_detected,3901,0,0,0,finish,ZF40,,,,,,,,02ef59389eb906c5574740fa3e0142693d4869d3c9fb0f9ea52d8ef6e50ed473
R0684.RPL,no_additional_violation_detected,3962,0,0,0,finish,ZF40,,,,,,,,02ef59389eb906c5574740fa3e0142693d4869d3c9fb0f9ea52d8ef6e50ed473
R0685.RPL,no_additional_violation_detected,3978,0,0,0,finish,ZF40,,,,,,,,02ef59389eb906c5574740fa3e0142693d4869d3c9fb0f9ea52d8ef6e50ed473
R0686.RPL,no_additional_violation_detected,3942,0,0,0,finish,ZF40,,,,,,,,02ef59389eb906c5574740fa3e0142693d4869d3c9fb0f9ea52d8ef6e50ed473
R0687.RPL,no_additional_violation_detected,3912,0,0,0,finish,ZF40,,,,,,,,02ef59389eb906c5574740fa3e0142693d4869d3c9fb0f9ea52d8ef6e50ed473
R0688.RPL,no_additional_violation_detected,3559,0,0,0,finish,ZF40,,,,,,,,02ef59389eb906c5574740fa3e0142693d4869d3c9fb0f9ea52d8ef6e50ed473
R0689.RPL,no_additional_violation_detected,3442,0,0,0,finish,ZF40,,,,,,,,02ef59389eb906c5574740fa3e0142693d4869d3c9fb0f9ea52d8ef6e50ed473
R0690.RPL,no_additional_violation_detected,3690,0,0,0,finish,ZF40,,,,,,,,02ef59389eb906c5574740fa3e0142693d4869d3c9fb0f9ea52d8ef6e50ed473
R0691.RPL,rejection_candidate,3675,2,0,1515,finish,ZF40,1515,1,0,0,-99,0,no wheel on or above road,02ef59389eb906c5574740fa3e0142693d4869d3c9fb0f9ea52d8ef6e50ed473
R0692.RPL,no_additional_violation_detected,1958,0,0,0,finish,CDOR,,,,,,,,705daee5b00107d5a9997654c6c7ada98cedff1c9dc4c72307db8f3bc730ecb5
R0693.RPL,no_additional_violation_detected,1865,0,0,0,finish,CDOR,,,,,,,,705daee5b00107d5a9997654c6c7ada98cedff1c9dc4c72307db8f3bc730ecb5
R0694.RPL,no_additional_violation_detected,1975,0,0,0,finish,CDOR,,,,,,,,705daee5b00107d5a9997654c6c7ada98cedff1c9dc4c72307db8f3bc730ecb5
R0695.RPL,rejection_candidate,1825,1,0,1292,finish,CDOR,1292,1,0,0,35,0,no wheel on or above road,705daee5b00107d5a9997654c6c7ada98cedff1c9dc4c72307db8f3bc730ecb5
R0696.RPL,no_additional_violation_detected,1914,0,0,0,finish,CDOR,,,,,,,,705daee5b00107d5a9997654c6c7ada98cedff1c9dc4c72307db8f3bc730ecb5
R0697.RPL,no_additional_violation_detected,1811,0,0,0,finish,CDOR,,,,,,,,705daee5b00107d5a9997654c6c7ada98cedff1c9dc4c72307db8f3bc730ecb5
R0698.RPL,no_additional_violation_detected,1902,0,0,0,finish,CDOR,,,,,,,,705daee5b00107d5a9997654c6c7ada98cedff1c9dc4c72307db8f3bc730ecb5
R0699.RPL,no_additional_violation_detected,2048,0,0,0,finish,CDOR,,,,,,,,705daee5b00107d5a9997654c6c7ada98cedff1c9dc4c72307db8f3bc730ecb5
R0700.RPL,no_additional_violation_detected,1900,0,0,0,finish,CDOR,,,,,,,,705daee5b00107d5a9997654c6c7ada98cedff1c9dc4c72307db8f3bc730ecb5
R0701.RPL,rejection_candidate,1801,1,0,1678,finish,CDOR,1678,1,0,0,-99,0,no wheel on or above road,705daee5b00107d5a9997654c6c7ada98cedff1c9dc4c72307db8f3bc730ecb5
R0702.RPL,no_additional_violation_detected,2093,0,0,0,finish,P962,,,,,,,,2f5655f3a9183980da9b45cd9ebf1716b183e50af48e69e81bd93bb92fe63979
R0703.RPL,no_additional_violation_detected,2077,0,0,0,finish,P962,,,,,,,,2f5655f3a9183980da9b45cd9ebf1716b183e50af48e69e81bd93bb92fe63979
R0704.RPL,rejection_candidate,1904,2,1608,0,finish,P962,1608,0,0,15,34,1,stunt route incomplete,2f5655f3a9183980da9b45cd9ebf1716b183e50af48e69e81bd93bb92fe63979
R0705.RPL,no_additional_violation_detected,1806,0,0,0,finish,P962,,,,,,,,2f5655f3a9183980da9b45cd9ebf1716b183e50af48e69e81bd93bb92fe63979
R0706.RPL,no_additional_violation_detected,2068,0,0,0,finish,P962,,,,,,,,2f5655f3a9183980da9b45cd9ebf1716b183e50af48e69e81bd93bb92fe63979
R0707.RPL,no_additional_violation_detected,2580,0,0,0,finish,P962,,,,,,,,2f5655f3a9183980da9b45cd9ebf1716b183e50af48e69e81bd93bb92fe63979
R0708.RPL,no_additional_violation_detected,2030,0,0,0,finish,P962,,,,,,,,2f5655f3a9183980da9b45cd9ebf1716b183e50af48e69e81bd93bb92fe63979
R0709.RPL,no_additional_violation_detected,1962,0,0,0,finish,P962,,,,,,,,2f5655f3a9183980da9b45cd9ebf1716b183e50af48e69e81bd93bb92fe63979
R0710.RPL,no_additional_violation_detected,2026,0,0,0,finish,P962,,,,,,,,2f5655f3a9183980da9b45cd9ebf1716b183e50af48e69e81bd93bb92fe63979
R0711.RPL,no_additional_violation_detected,1971,0,0,0,finish,P962,,,,,,,,2f5655f3a9183980da9b45cd9ebf1716b183e50af48e69e81bd93bb92fe63979
R0712.RPL,no_additional_violation_detected,1946,0,0,0,finish,P962,,,,,,,,2f5655f3a9183980da9b45cd9ebf1716b183e50af48e69e81bd93bb92fe63979
R0713.RPL,no_additional_violation_detected,1943,0,0,0,finish,P962,,,,,,,,2f5655f3a9183980da9b45cd9ebf1716b183e50af48e69e81bd93bb92fe63979
R0714.RPL,no_additional_violation_detected,1944,0,0,0,finish,P962,,,,,,,,2f5655f3a9183980da9b45cd9ebf1716b183e50af48e69e81bd93bb92fe63979
R0715.RPL,no_additional_violation_detected,1883,0,0,0,finish,P962,,,,,,,,2f5655f3a9183980da9b45cd9ebf1716b183e50af48e69e81bd93bb92fe63979
R0716.RPL,rejection_candidate,2026,19,0,1846,finish,P962,1846,1,0,0,-99,0,no wheel on or above road,2f5655f3a9183980da9b45cd9ebf1716b183e50af48e69e81bd93bb92fe63979
R0717.RPL,no_additional_violation_detected,1907,0,0,0,finish,P962,,,,,,,,2f5655f3a9183980da9b45cd9ebf1716b183e50af48e69e81bd93bb92fe63979
R0718.RPL,no_additional_violation_detected,2033,0,0,0,finish,P962,,,,,,,,2f5655f3a9183980da9b45cd9ebf1716b183e50af48e69e81bd93bb92fe63979
R0719.RPL,no_additional_violation_detected,1950,0,0,0,finish,P962,,,,,,,,2f5655f3a9183980da9b45cd9ebf1716b183e50af48e69e81bd93bb92fe63979
R0720.RPL,no_additional_violation_detected,1797,0,0,0,finish,P962,,,,,,,,2f5655f3a9183980da9b45cd9ebf1716b183e50af48e69e81bd93bb92fe63979
R0721.RPL,no_additional_violation_detected,1891,0,0,0,finish,P962,,,,,,,,2f5655f3a9183980da9b45cd9ebf1716b183e50af48e69e81bd93bb92fe63979
R0722.RPL,no_additional_violation_detected,1884,0,0,0,finish,P962,,,,,,,,2f5655f3a9183980da9b45cd9ebf1716b183e50af48e69e81bd93bb92fe63979
R0723.RPL,no_additional_violation_detected,1821,0,0,0,finish,P962,,,,,,,,2f5655f3a9183980da9b45cd9ebf1716b183e50af48e69e81bd93bb92fe63979
R0724.RPL,no_additional_violation_detected,2637,0,0,0,finish,STRA,,,,,,,,0bf829896fb62ac1651e5ed972ec84a60f145a0a93bdd6ce891c4225ae2aa92f
R0725.RPL,no_additional_violation_detected,2724,0,0,0,finish,STRA,,,,,,,,0bf829896fb62ac1651e5ed972ec84a60f145a0a93bdd6ce891c4225ae2aa92f
R0726.RPL,no_additional_violation_detected,2617,0,0,0,finish,STRA,,,,,,,,0bf829896fb62ac1651e5ed972ec84a60f145a0a93bdd6ce891c4225ae2aa92f
R0727.RPL,no_additional_violation_detected,2614,0,0,0,finish,STRA,,,,,,,,0bf829896fb62ac1651e5ed972ec84a60f145a0a93bdd6ce891c4225ae2aa92f
R0728.RPL,no_additional_violation_detected,2991,0,0,0,finish,STRA,,,,,,,,0bf829896fb62ac1651e5ed972ec84a60f145a0a93bdd6ce891c4225ae2aa92f
R0729.RPL,no_additional_violation_detected,2917,0,0,0,finish,STRA,,,,,,,,0bf829896fb62ac1651e5ed972ec84a60f145a0a93bdd6ce891c4225ae2aa92f
R0730.RPL,no_additional_violation_detected,2810,0,0,0,finish,STRA,,,,,,,,0bf829896fb62ac1651e5ed972ec84a60f145a0a93bdd6ce891c4225ae2aa92f
R0731.RPL,no_additional_violation_detected,2674,0,0,0,finish,STRA,,,,,,,,0bf829896fb62ac1651e5ed972ec84a60f145a0a93bdd6ce891c4225ae2aa92f
R0732.RPL,no_additional_violation_detected,2607,0,0,0,finish,STRA,,,,,,,,0bf829896fb62ac1651e5ed972ec84a60f145a0a93bdd6ce891c4225ae2aa92f
R0733.RPL,no_additional_violation_detected,2614,0,0,0,finish,STRA,,,,,,,,0bf829896fb62ac1651e5ed972ec84a60f145a0a93bdd6ce891c4225ae2aa92f
R0734.RPL,no_additional_violation_detected,2598,0,0,0,finish,STRA,,,,,,,,0bf829896fb62ac1651e5ed972ec84a60f145a0a93bdd6ce891c4225ae2aa92f
R0735.RPL,no_additional_violation_detected,2683,0,0,0,finish,STRA,,,,,,,,0bf829896fb62ac1651e5ed972ec84a60f145a0a93bdd6ce891c4225ae2aa92f
R0736.RPL,no_additional_violation_detected,2645,0,0,0,finish,STRA,,,,,,,,0bf829896fb62ac1651e5ed972ec84a60f145a0a93bdd6ce891c4225ae2aa92f
R0737.RPL,no_additional_violation_detected,2548,0,0,0,finish,LANC,,,,,,,,0bf829896fb62ac1651e5ed972ec84a60f145a0a93bdd6ce891c4225ae2aa92f
R0738.RPL,no_additional_violation_detected,3168,0,0,0,finish,LANC,,,,,,,,0bf829896fb62ac1651e5ed972ec84a60f145a0a93bdd6ce891c4225ae2aa92f
R0739.RPL,no_additional_violation_detected,2846,0,0,0,finish,STRA,,,,,,,,0bf829896fb62ac1651e5ed972ec84a60f145a0a93bdd6ce891c4225ae2aa92f
R0740.RPL,no_additional_violation_detected,2500,0,0,0,finish,STRA,,,,,,,,0bf829896fb62ac1651e5ed972ec84a60f145a0a93bdd6ce891c4225ae2aa92f
R0741.RPL,no_additional_violation_detected,2518,0,0,0,finish,LANC,,,,,,,,0bf829896fb62ac1651e5ed972ec84a60f145a0a93bdd6ce891c4225ae2aa92f
R0742.RPL,no_additional_violation_detected,2494,0,0,0,finish,STRA,,,,,,,,0bf829896fb62ac1651e5ed972ec84a60f145a0a93bdd6ce891c4225ae2aa92f
R0743.RPL,no_additional_violation_detected,2412,0,0,0,finish,STRA,,,,,,,,0bf829896fb62ac1651e5ed972ec84a60f145a0a93bdd6ce891c4225ae2aa92f
R0744.RPL,no_additional_violation_detected,2473,0,0,0,finish,STRA,,,,,,,,0bf829896fb62ac1651e5ed972ec84a60f145a0a93bdd6ce891c4225ae2aa92f
R0745.RPL,no_additional_violation_detected,2446,0,0,0,finish,STRA,,,,,,,,0bf829896fb62ac1651e5ed972ec84a60f145a0a93bdd6ce891c4225ae2aa92f
R0746.RPL,rejection_candidate,2163,1913,229,0,finish,ZMP4,229,0,0,15,34,1,stunt route incomplete,0cc4098af25e57abb8db7cc16bc12e03d7c4eee90b97f3b0a1d20d8f22a3c901
R0747.RPL,rejection_candidate,2122,1872,229,0,finish,ZMP4,229,0,0,15,34,1,stunt route incomplete,0cc4098af25e57abb8db7cc16bc12e03d7c4eee90b97f3b0a1d20d8f22a3c901
R0748.RPL,rejection_candidate,2104,409,222,0,finish,ZMP4,222,0,0,15,34,0,stunt route incomplete,0cc4098af25e57abb8db7cc16bc12e03d7c4eee90b97f3b0a1d20d8f22a3c901
R0749.RPL,no_additional_violation_detected,2091,0,0,0,finish,ZMP4,,,,,,,,0cc4098af25e57abb8db7cc16bc12e03d7c4eee90b97f3b0a1d20d8f22a3c901
R0750.RPL,no_additional_violation_detected,2062,0,0,0,finish,ZMP4,,,,,,,,0cc4098af25e57abb8db7cc16bc12e03d7c4eee90b97f3b0a1d20d8f22a3c901
R0751.RPL,rejection_candidate,2093,560,1037,0,finish,ZMP4,1037,0,0,15,34,0,stunt route incomplete,0cc4098af25e57abb8db7cc16bc12e03d7c4eee90b97f3b0a1d20d8f22a3c901
R0752.RPL,no_additional_violation_detected,2088,0,0,0,finish,ZMP4,,,,,,,,0cc4098af25e57abb8db7cc16bc12e03d7c4eee90b97f3b0a1d20d8f22a3c901
R0753.RPL,rejection_candidate,2053,1807,225,0,finish,ZMP4,225,0,0,15,34,1,stunt route incomplete,0cc4098af25e57abb8db7cc16bc12e03d7c4eee90b97f3b0a1d20d8f22a3c901
R0754.RPL,rejection_candidate,2050,958,219,0,finish,ZMP4,219,0,0,15,34,0,stunt route incomplete,0cc4098af25e57abb8db7cc16bc12e03d7c4eee90b97f3b0a1d20d8f22a3c901
R0755.RPL,no_additional_violation_detected,2067,0,0,0,finish,ZMP4,,,,,,,,0cc4098af25e57abb8db7cc16bc12e03d7c4eee90b97f3b0a1d20d8f22a3c901
R0756.RPL,rejection_candidate,2049,1394,222,0,finish,ZMP4,222,0,0,15,34,0,stunt route incomplete,0cc4098af25e57abb8db7cc16bc12e03d7c4eee90b97f3b0a1d20d8f22a3c901
R0757.RPL,rejection_candidate,2387,474,222,0,finish,ZMP4,222,0,0,15,34,0,stunt route incomplete,0cc4098af25e57abb8db7cc16bc12e03d7c4eee90b97f3b0a1d20d8f22a3c901
R0758.RPL,rejection_candidate,2262,1073,1168,0,finish,ZMP4,1168,0,0,15,34,1,stunt route incomplete,0cc4098af25e57abb8db7cc16bc12e03d7c4eee90b97f3b0a1d20d8f22a3c901
R0759.RPL,rejection_candidate,2221,1973,228,0,finish,ZMP4,228,0,0,15,34,1,stunt route incomplete,0cc4098af25e57abb8db7cc16bc12e03d7c4eee90b97f3b0a1d20d8f22a3c901
R0760.RPL,rejection_candidate,2180,1023,221,0,finish,ZMP4,221,0,0,15,34,0,stunt route incomplete,0cc4098af25e57abb8db7cc16bc12e03d7c4eee90b97f3b0a1d20d8f22a3c901
R0761.RPL,rejection_candidate,2042,939,221,0,finish,ZMP4,221,0,0,15,34,0,stunt route incomplete,0cc4098af25e57abb8db7cc16bc12e03d7c4eee90b97f3b0a1d20d8f22a3c901
R0762.RPL,rejection_candidate,2118,994,221,0,finish,ZMP4,221,0,0,15,34,0,stunt route incomplete,0cc4098af25e57abb8db7cc16bc12e03d7c4eee90b97f3b0a1d20d8f22a3c901
R0763.RPL,no_additional_violation_detected,2043,0,0,0,finish,ZMP4,,,,,,,,0cc4098af25e57abb8db7cc16bc12e03d7c4eee90b97f3b0a1d20d8f22a3c901
R0764.RPL,rejection_candidate,2119,994,221,0,finish,ZMP4,221,0,0,15,34,0,stunt route incomplete,0cc4098af25e57abb8db7cc16bc12e03d7c4eee90b97f3b0a1d20d8f22a3c901
R0765.RPL,rejection_candidate,2112,1462,220,0,finish,ZMP4,220,0,0,15,34,0,stunt route incomplete,0cc4098af25e57abb8db7cc16bc12e03d7c4eee90b97f3b0a1d20d8f22a3c901
R0766.RPL,rejection_candidate,2088,972,221,0,finish,ZMP4,221,0,0,15,34,0,stunt route incomplete,0cc4098af25e57abb8db7cc16bc12e03d7c4eee90b97f3b0a1d20d8f22a3c901
R0767.RPL,rejection_candidate,2028,1779,228,0,finish,ZMP4,228,0,0,15,34,1,stunt route incomplete,0cc4098af25e57abb8db7cc16bc12e03d7c4eee90b97f3b0a1d20d8f22a3c901
R0768.RPL,rejection_candidate,2027,989,1017,0,finish,ZMP4,1017,0,0,15,34,1,stunt route incomplete,0cc4098af25e57abb8db7cc16bc12e03d7c4eee90b97f3b0a1d20d8f22a3c901
R0769.RPL,no_additional_violation_detected,2036,0,0,0,finish,JAGU,,,,,,,,ec746a393a3132bc74354ce8dfce3c463018df0ca41ddd08e56dfe7c0b276ff8
R0770.RPL,no_additional_violation_detected,2150,0,0,0,finish,JAGU,,,,,,,,ec746a393a3132bc74354ce8dfce3c463018df0ca41ddd08e56dfe7c0b276ff8
R0771.RPL,no_additional_violation_detected,2080,0,0,0,finish,JAGU,,,,,,,,ec746a393a3132bc74354ce8dfce3c463018df0ca41ddd08e56dfe7c0b276ff8
R0772.RPL,no_additional_violation_detected,2148,0,0,0,finish,JAGU,,,,,,,,ec746a393a3132bc74354ce8dfce3c463018df0ca41ddd08e56dfe7c0b276ff8
R0773.RPL,no_additional_violation_detected,2136,0,0,0,finish,JAGU,,,,,,,,ec746a393a3132bc74354ce8dfce3c463018df0ca41ddd08e56dfe7c0b276ff8
R0774.RPL,rejection_candidate,2115,249,416,0,finish,JAGU,416,0,0,15,28,0,stunt route incomplete,ec746a393a3132bc74354ce8dfce3c463018df0ca41ddd08e56dfe7c0b276ff8
R0775.RPL,no_additional_violation_detected,2060,0,0,0,finish,JAGU,,,,,,,,ec746a393a3132bc74354ce8dfce3c463018df0ca41ddd08e56dfe7c0b276ff8
R0776.RPL,no_additional_violation_detected,2038,0,0,0,finish,JAGU,,,,,,,,ec746a393a3132bc74354ce8dfce3c463018df0ca41ddd08e56dfe7c0b276ff8
R0777.RPL,rejection_candidate,2188,1,0,1696,finish,JAGU,1696,1,0,0,-99,0,no wheel on or above road,ec746a393a3132bc74354ce8dfce3c463018df0ca41ddd08e56dfe7c0b276ff8
R0778.RPL,no_additional_violation_detected,2075,0,0,0,finish,JAGU,,,,,,,,ec746a393a3132bc74354ce8dfce3c463018df0ca41ddd08e56dfe7c0b276ff8
R0779.RPL,no_additional_violation_detected,2009,0,0,0,finish,JAGU,,,,,,,,ec746a393a3132bc74354ce8dfce3c463018df0ca41ddd08e56dfe7c0b276ff8
R0780.RPL,rejection_candidate,2041,16,0,1306,finish,JAGU,1306,1,0,0,-99,0,no wheel on or above road,ec746a393a3132bc74354ce8dfce3c463018df0ca41ddd08e56dfe7c0b276ff8
R0781.RPL,no_additional_violation_detected,2136,0,0,0,finish,JAGU,,,,,,,,ec746a393a3132bc74354ce8dfce3c463018df0ca41ddd08e56dfe7c0b276ff8
R0782.RPL,no_additional_violation_detected,2126,0,0,0,finish,JAGU,,,,,,,,ec746a393a3132bc74354ce8dfce3c463018df0ca41ddd08e56dfe7c0b276ff8
R0783.RPL,no_additional_violation_detected,2080,0,0,0,finish,JAGU,,,,,,,,ec746a393a3132bc74354ce8dfce3c463018df0ca41ddd08e56dfe7c0b276ff8
R0784.RPL,no_additional_violation_detected,2281,0,0,0,finish,JAGU,,,,,,,,ec746a393a3132bc74354ce8dfce3c463018df0ca41ddd08e56dfe7c0b276ff8
R0785.RPL,no_additional_violation_detected,2001,0,0,0,finish,JAGU,,,,,,,,ec746a393a3132bc74354ce8dfce3c463018df0ca41ddd08e56dfe7c0b276ff8
R0786.RPL,no_additional_violation_detected,1975,0,0,0,finish,JAGU,,,,,,,,ec746a393a3132bc74354ce8dfce3c463018df0ca41ddd08e56dfe7c0b276ff8
R0787.RPL,no_additional_violation_detected,1941,0,0,0,finish,JAGU,,,,,,,,ec746a393a3132bc74354ce8dfce3c463018df0ca41ddd08e56dfe7c0b276ff8
R0788.RPL,rejection_candidate,1572,5,0,727,finish,LOLA,727,1,0,0,-99,0,no wheel on or above road,040bd36995f9eb59cf98b3e9b23bc3a308d466f96e604b5de8da5548ee9b5852
R0789.RPL,no_additional_violation_detected,1607,0,0,0,finish,LOLA,,,,,,,,040bd36995f9eb59cf98b3e9b23bc3a308d466f96e604b5de8da5548ee9b5852
R0790.RPL,no_additional_violation_detected,1815,0,0,0,finish,LOLA,,,,,,,,040bd36995f9eb59cf98b3e9b23bc3a308d466f96e604b5de8da5548ee9b5852
R0791.RPL,rejection_candidate,1618,20,0,721,finish,LOLA,721,1,0,0,-99,0,no wheel on or above road,040bd36995f9eb59cf98b3e9b23bc3a308d466f96e604b5de8da5548ee9b5852
R0792.RPL,rejection_candidate,1587,5,0,673,finish,LOLA,673,1,0,0,-99,0,no wheel on or above road,040bd36995f9eb59cf98b3e9b23bc3a308d466f96e604b5de8da5548ee9b5852
R0793.RPL,no_additional_violation_detected,1699,0,0,0,finish,LOLA,,,,,,,,040bd36995f9eb59cf98b3e9b23bc3a308d466f96e604b5de8da5548ee9b5852
R0794.RPL,rejection_candidate,1669,74,1252,686,finish,LOLA,686,1,0,0,-99,0,no wheel on or above road,040bd36995f9eb59cf98b3e9b23bc3a308d466f96e604b5de8da5548ee9b5852
R0795.RPL,no_additional_violation_detected,1627,0,0,0,finish,LOLA,,,,,,,,040bd36995f9eb59cf98b3e9b23bc3a308d466f96e604b5de8da5548ee9b5852
R0796.RPL,rejection_candidate,1605,7,0,682,finish,LOLA,682,1,0,0,-99,0,no wheel on or above road,040bd36995f9eb59cf98b3e9b23bc3a308d466f96e604b5de8da5548ee9b5852
R0797.RPL,no_additional_violation_detected,1653,0,0,0,finish,LOLA,,,,,,,,040bd36995f9eb59cf98b3e9b23bc3a308d466f96e604b5de8da5548ee9b5852
R0798.RPL,no_additional_violation_detected,1487,0,0,0,finish,LOLA,,,,,,,,040bd36995f9eb59cf98b3e9b23bc3a308d466f96e604b5de8da5548ee9b5852
R0799.RPL,no_additional_violation_detected,1606,0,0,0,finish,LOLA,,,,,,,,040bd36995f9eb59cf98b3e9b23bc3a308d466f96e604b5de8da5548ee9b5852
R0800.RPL,no_additional_violation_detected,1500,0,0,0,finish,LOLA,,,,,,,,040bd36995f9eb59cf98b3e9b23bc3a308d466f96e604b5de8da5548ee9b5852
R0801.RPL,rejection_candidate,1593,2,0,693,finish,LOLA,693,1,0,0,-99,0,no wheel on or above road,040bd36995f9eb59cf98b3e9b23bc3a308d466f96e604b5de8da5548ee9b5852
R0802.RPL,no_additional_violation_detected,1583,0,0,0,finish,LOLA,,,,,,,,040bd36995f9eb59cf98b3e9b23bc3a308d466f96e604b5de8da5548ee9b5852
R0803.RPL,no_additional_violation_detected,1570,0,0,0,finish,LOLA,,,,,,,,040bd36995f9eb59cf98b3e9b23bc3a308d466f96e604b5de8da5548ee9b5852
R0804.RPL,rejection_candidate,1563,1,0,673,finish,LOLA,673,1,0,0,-99,0,no wheel on or above road,040bd36995f9eb59cf98b3e9b23bc3a308d466f96e604b5de8da5548ee9b5852
R0805.RPL,rejection_candidate,1574,6,0,674,finish,LOLA,674,1,0,0,-99,0,no wheel on or above road,040bd36995f9eb59cf98b3e9b23bc3a308d466f96e604b5de8da5548ee9b5852
R0806.RPL,no_additional_violation_detected,1485,0,0,0,finish,LOLA,,,,,,,,040bd36995f9eb59cf98b3e9b23bc3a308d466f96e604b5de8da5548ee9b5852
R0807.RPL,no_additional_violation_detected,1557,0,0,0,finish,LOLA,,,,,,,,040bd36995f9eb59cf98b3e9b23bc3a308d466f96e604b5de8da5548ee9b5852
R0808.RPL,no_additional_violation_detected,1829,0,0,0,finish,CDOR,,,,,,,,f406944891d299485440b83baabaaab76c06e5fd3fcf2fd36d6afb4add520b03
R0809.RPL,no_additional_violation_detected,1968,0,0,0,finish,CDOR,,,,,,,,f406944891d299485440b83baabaaab76c06e5fd3fcf2fd36d6afb4add520b03
R0810.RPL,no_additional_violation_detected,1885,0,0,0,finish,CDOR,,,,,,,,f406944891d299485440b83baabaaab76c06e5fd3fcf2fd36d6afb4add520b03
R0811.RPL,rejection_candidate,1970,1,0,636,finish,CDOR,636,1,0,0,27,23,no wheel on or above road,f406944891d299485440b83baabaaab76c06e5fd3fcf2fd36d6afb4add520b03
R0812.RPL,no_additional_violation_detected,1721,0,0,0,finish,CDOR,,,,,,,,f406944891d299485440b83baabaaab76c06e5fd3fcf2fd36d6afb4add520b03
R0813.RPL,no_additional_violation_detected,1905,0,0,0,finish,CDOR,,,,,,,,f406944891d299485440b83baabaaab76c06e5fd3fcf2fd36d6afb4add520b03
R0814.RPL,no_additional_violation_detected,1858,0,0,0,finish,CDOR,,,,,,,,f406944891d299485440b83baabaaab76c06e5fd3fcf2fd36d6afb4add520b03
R0815.RPL,no_additional_violation_detected,1805,0,0,0,finish,CDOR,,,,,,,,f406944891d299485440b83baabaaab76c06e5fd3fcf2fd36d6afb4add520b03
R0816.RPL,rejection_candidate,2088,1691,382,334,finish,CDOR,334,1,0,0,26,0,no wheel on or above road,f406944891d299485440b83baabaaab76c06e5fd3fcf2fd36d6afb4add520b03
R0817.RPL,rejection_candidate,2056,1355,684,682,finish,CDOR,682,1,0,0,27,22,no wheel on or above road,f406944891d299485440b83baabaaab76c06e5fd3fcf2fd36d6afb4add520b03
R0818.RPL,no_additional_violation_detected,1879,0,0,0,finish,CDOR,,,,,,,,f406944891d299485440b83baabaaab76c06e5fd3fcf2fd36d6afb4add520b03
R0819.RPL,no_additional_violation_detected,2061,0,0,0,finish,CDOR,,,,,,,,f406944891d299485440b83baabaaab76c06e5fd3fcf2fd36d6afb4add520b03
R0820.RPL,no_additional_violation_detected,1988,0,0,0,finish,CDOR,,,,,,,,f406944891d299485440b83baabaaab76c06e5fd3fcf2fd36d6afb4add520b03
R0821.RPL,no_additional_violation_detected,1868,0,0,0,finish,CDOR,,,,,,,,f406944891d299485440b83baabaaab76c06e5fd3fcf2fd36d6afb4add520b03
R0822.RPL,no_additional_violation_detected,1822,0,0,0,finish,CDOR,,,,,,,,f406944891d299485440b83baabaaab76c06e5fd3fcf2fd36d6afb4add520b03
R0823.RPL,no_additional_violation_detected,1803,0,0,0,finish,CDOR,,,,,,,,f406944891d299485440b83baabaaab76c06e5fd3fcf2fd36d6afb4add520b03
R0824.RPL,no_additional_violation_detected,1786,0,0,0,finish,CDOR,,,,,,,,f406944891d299485440b83baabaaab76c06e5fd3fcf2fd36d6afb4add520b03
R0825.RPL,no_additional_violation_detected,1775,0,0,0,finish,CDOR,,,,,,,,f406944891d299485440b83baabaaab76c06e5fd3fcf2fd36d6afb4add520b03
R0826.RPL,no_additional_violation_detected,1680,0,0,0,finish,CDOR,,,,,,,,f406944891d299485440b83baabaaab76c06e5fd3fcf2fd36d6afb4add520b03
R0827.RPL,no_additional_violation_detected,1856,0,0,0,finish,CDOR,,,,,,,,f406944891d299485440b83baabaaab76c06e5fd3fcf2fd36d6afb4add520b03
R0828.RPL,rejection_candidate,2013,1,0,595,finish,CDOR,595,1,0,0,-99,0,no wheel on or above road,f406944891d299485440b83baabaaab76c06e5fd3fcf2fd36d6afb4add520b03
R0829.RPL,rejection_candidate,1763,2,0,1120,finish,CDOR,1120,1,0,0,-99,0,no wheel on or above road,f406944891d299485440b83baabaaab76c06e5fd3fcf2fd36d6afb4add520b03
R0830.RPL,no_additional_violation_detected,1755,0,0,0,finish,CDOR,,,,,,,,f406944891d299485440b83baabaaab76c06e5fd3fcf2fd36d6afb4add520b03
R0831.RPL,no_additional_violation_detected,1744,0,0,0,finish,CDOR,,,,,,,,f406944891d299485440b83baabaaab76c06e5fd3fcf2fd36d6afb4add520b03
R0832.RPL,no_additional_violation_detected,1743,0,0,0,finish,CDOR,,,,,,,,f406944891d299485440b83baabaaab76c06e5fd3fcf2fd36d6afb4add520b03
R0833.RPL,no_additional_violation_detected,1749,0,0,0,finish,CDOR,,,,,,,,f406944891d299485440b83baabaaab76c06e5fd3fcf2fd36d6afb4add520b03
R0834.RPL,no_additional_violation_detected,1732,0,0,0,finish,CDOR,,,,,,,,f406944891d299485440b83baabaaab76c06e5fd3fcf2fd36d6afb4add520b03
R0835.RPL,no_additional_violation_detected,2265,0,0,0,finish,XCFX,,,,,,,,ada30b78d88d6feb8f6ca64760350cf88b415a3d3476b132967f1ec7e477c8f4
R0836.RPL,no_additional_violation_detected,2121,0,0,0,finish,XCFX,,,,,,,,ada30b78d88d6feb8f6ca64760350cf88b415a3d3476b132967f1ec7e477c8f4
R0837.RPL,no_additional_violation_detected,2236,0,0,0,finish,XCFX,,,,,,,,ada30b78d88d6feb8f6ca64760350cf88b415a3d3476b132967f1ec7e477c8f4
R0838.RPL,no_additional_violation_detected,2251,0,0,0,finish,XCFX,,,,,,,,ada30b78d88d6feb8f6ca64760350cf88b415a3d3476b132967f1ec7e477c8f4
R0839.RPL,no_additional_violation_detected,2207,0,0,0,finish,XCFX,,,,,,,,ada30b78d88d6feb8f6ca64760350cf88b415a3d3476b132967f1ec7e477c8f4
R0840.RPL,no_additional_violation_detected,2209,0,0,0,finish,XCFX,,,,,,,,ada30b78d88d6feb8f6ca64760350cf88b415a3d3476b132967f1ec7e477c8f4
R0841.RPL,no_additional_violation_detected,2101,0,0,0,finish,XCFX,,,,,,,,ada30b78d88d6feb8f6ca64760350cf88b415a3d3476b132967f1ec7e477c8f4
R0842.RPL,no_additional_violation_detected,2194,0,0,0,finish,XCFX,,,,,,,,ada30b78d88d6feb8f6ca64760350cf88b415a3d3476b132967f1ec7e477c8f4
R0843.RPL,no_additional_violation_detected,2163,0,0,0,finish,XCFX,,,,,,,,ada30b78d88d6feb8f6ca64760350cf88b415a3d3476b132967f1ec7e477c8f4
R0844.RPL,no_additional_violation_detected,2320,0,0,0,finish,XCFX,,,,,,,,ada30b78d88d6feb8f6ca64760350cf88b415a3d3476b132967f1ec7e477c8f4
R0845.RPL,no_additional_violation_detected,2013,0,0,0,finish,XCFX,,,,,,,,ada30b78d88d6feb8f6ca64760350cf88b415a3d3476b132967f1ec7e477c8f4
R0846.RPL,no_additional_violation_detected,2184,0,0,0,finish,XCFX,,,,,,,,ada30b78d88d6feb8f6ca64760350cf88b415a3d3476b132967f1ec7e477c8f4
R0847.RPL,no_additional_violation_detected,1990,0,0,0,finish,XCFX,,,,,,,,ada30b78d88d6feb8f6ca64760350cf88b415a3d3476b132967f1ec7e477c8f4
R0848.RPL,no_additional_violation_detected,2120,0,0,0,finish,XCFX,,,,,,,,ada30b78d88d6feb8f6ca64760350cf88b415a3d3476b132967f1ec7e477c8f4
R0849.RPL,no_additional_violation_detected,2082,0,0,0,finish,XCFX,,,,,,,,ada30b78d88d6feb8f6ca64760350cf88b415a3d3476b132967f1ec7e477c8f4
R0850.RPL,no_additional_violation_detected,2077,0,0,0,finish,XCFX,,,,,,,,ada30b78d88d6feb8f6ca64760350cf88b415a3d3476b132967f1ec7e477c8f4
R0851.RPL,no_additional_violation_detected,2053,0,0,0,finish,XCFX,,,,,,,,ada30b78d88d6feb8f6ca64760350cf88b415a3d3476b132967f1ec7e477c8f4
R0852.RPL,no_additional_violation_detected,1971,0,0,0,finish,XCFX,,,,,,,,ada30b78d88d6feb8f6ca64760350cf88b415a3d3476b132967f1ec7e477c8f4
R0853.RPL,no_additional_violation_detected,1705,0,0,0,finish,DBMW,,,,,,,,eb90ee47e2586833231c8751a316f47d330c395e696f08f9a21974d1154e57da
R0854.RPL,rejection_candidate,1642,2,0,1518,finish,DAUD,1518,1,0,0,31,1,no wheel on or above road,eb90ee47e2586833231c8751a316f47d330c395e696f08f9a21974d1154e57da
R0855.RPL,no_additional_violation_detected,1676,0,0,0,finish,DBMW,,,,,,,,eb90ee47e2586833231c8751a316f47d330c395e696f08f9a21974d1154e57da
R0856.RPL,no_additional_violation_detected,1612,0,0,0,finish,DMCB,,,,,,,,eb90ee47e2586833231c8751a316f47d330c395e696f08f9a21974d1154e57da
R0857.RPL,no_additional_violation_detected,1670,0,0,0,finish,DMCB,,,,,,,,eb90ee47e2586833231c8751a316f47d330c395e696f08f9a21974d1154e57da
R0858.RPL,no_additional_violation_detected,1661,0,0,0,finish,DMCB,,,,,,,,eb90ee47e2586833231c8751a316f47d330c395e696f08f9a21974d1154e57da
R0859.RPL,no_additional_violation_detected,1556,0,0,0,finish,DMCB,,,,,,,,eb90ee47e2586833231c8751a316f47d330c395e696f08f9a21974d1154e57da
R0860.RPL,no_additional_violation_detected,1603,0,0,0,finish,DMCB,,,,,,,,eb90ee47e2586833231c8751a316f47d330c395e696f08f9a21974d1154e57da
R0861.RPL,no_additional_violation_detected,1607,0,0,0,finish,DAUD,,,,,,,,eb90ee47e2586833231c8751a316f47d330c395e696f08f9a21974d1154e57da
R0862.RPL,no_additional_violation_detected,1562,0,0,0,finish,DBMW,,,,,,,,eb90ee47e2586833231c8751a316f47d330c395e696f08f9a21974d1154e57da
R0863.RPL,no_additional_violation_detected,1667,0,0,0,finish,DBMW,,,,,,,,eb90ee47e2586833231c8751a316f47d330c395e696f08f9a21974d1154e57da
R0864.RPL,no_additional_violation_detected,1618,0,0,0,finish,DBMW,,,,,,,,eb90ee47e2586833231c8751a316f47d330c395e696f08f9a21974d1154e57da
R0865.RPL,no_additional_violation_detected,1598,0,0,0,finish,DMCB,,,,,,,,eb90ee47e2586833231c8751a316f47d330c395e696f08f9a21974d1154e57da
R0866.RPL,no_additional_violation_detected,1539,0,0,0,finish,DAUD,,,,,,,,eb90ee47e2586833231c8751a316f47d330c395e696f08f9a21974d1154e57da
R0867.RPL,no_additional_violation_detected,1579,0,0,0,finish,DAUD,,,,,,,,eb90ee47e2586833231c8751a316f47d330c395e696f08f9a21974d1154e57da
R0868.RPL,no_additional_violation_detected,1630,0,0,0,finish,DAUD,,,,,,,,eb90ee47e2586833231c8751a316f47d330c395e696f08f9a21974d1154e57da
R0869.RPL,no_additional_violation_detected,1750,0,0,0,finish,DMCB,,,,,,,,eb90ee47e2586833231c8751a316f47d330c395e696f08f9a21974d1154e57da
R0870.RPL,no_additional_violation_detected,1584,0,0,0,finish,DMCB,,,,,,,,eb90ee47e2586833231c8751a316f47d330c395e696f08f9a21974d1154e57da
R0871.RPL,no_additional_violation_detected,1565,0,0,0,finish,DBMW,,,,,,,,eb90ee47e2586833231c8751a316f47d330c395e696f08f9a21974d1154e57da
R0872.RPL,no_additional_violation_detected,1652,0,0,0,finish,DAUD,,,,,,,,eb90ee47e2586833231c8751a316f47d330c395e696f08f9a21974d1154e57da
R0873.RPL,no_additional_violation_detected,1607,0,0,0,finish,DAUD,,,,,,,,eb90ee47e2586833231c8751a316f47d330c395e696f08f9a21974d1154e57da
R0874.RPL,no_additional_violation_detected,1595,0,0,0,finish,DAUD,,,,,,,,eb90ee47e2586833231c8751a316f47d330c395e696f08f9a21974d1154e57da
R0875.RPL,no_additional_violation_detected,1561,0,0,0,finish,DAUD,,,,,,,,eb90ee47e2586833231c8751a316f47d330c395e696f08f9a21974d1154e57da
R0876.RPL,no_additional_violation_detected,1542,0,0,0,finish,DAUD,,,,,,,,eb90ee47e2586833231c8751a316f47d330c395e696f08f9a21974d1154e57da
R0877.RPL,no_additional_violation_detected,1534,0,0,0,finish,DAUD,,,,,,,,eb90ee47e2586833231c8751a316f47d330c395e696f08f9a21974d1154e57da
R0878.RPL,no_additional_violation_detected,1560,0,0,0,finish,DBMW,,,,,,,,eb90ee47e2586833231c8751a316f47d330c395e696f08f9a21974d1154e57da
R0879.RPL,no_additional_violation_detected,1443,0,0,0,finish,DBMW,,,,,,,,eb90ee47e2586833231c8751a316f47d330c395e696f08f9a21974d1154e57da
R0880.RPL,no_additional_violation_detected,1490,0,0,0,finish,DBMW,,,,,,,,eb90ee47e2586833231c8751a316f47d330c395e696f08f9a21974d1154e57da
R0881.RPL,no_additional_violation_detected,1466,0,0,0,finish,DMCB,,,,,,,,eb90ee47e2586833231c8751a316f47d330c395e696f08f9a21974d1154e57da
R0882.RPL,no_additional_violation_detected,1503,0,0,0,finish,DAUD,,,,,,,,eb90ee47e2586833231c8751a316f47d330c395e696f08f9a21974d1154e57da
R0883.RPL,no_additional_violation_detected,1442,0,0,0,finish,DBMW,,,,,,,,eb90ee47e2586833231c8751a316f47d330c395e696f08f9a21974d1154e57da
R0884.RPL,no_additional_violation_detected,1692,0,0,0,finish,DMCB,,,,,,,,eb90ee47e2586833231c8751a316f47d330c395e696f08f9a21974d1154e57da
R0885.RPL,no_additional_violation_detected,1846,0,0,0,finish,DTPA,,,,,,,,cceeab240e959b2d156cf09e95de3646a94eee19a26dd9f558c2b48f29b1eac6
R0886.RPL,no_additional_violation_detected,1959,0,0,0,finish,DTPA,,,,,,,,cceeab240e959b2d156cf09e95de3646a94eee19a26dd9f558c2b48f29b1eac6
R0887.RPL,no_additional_violation_detected,2064,0,0,0,finish,DTPA,,,,,,,,cceeab240e959b2d156cf09e95de3646a94eee19a26dd9f558c2b48f29b1eac6
R0888.RPL,no_additional_violation_detected,2029,0,0,0,finish,DTPA,,,,,,,,cceeab240e959b2d156cf09e95de3646a94eee19a26dd9f558c2b48f29b1eac6
R0889.RPL,no_additional_violation_detected,2030,0,0,0,finish,DTPA,,,,,,,,cceeab240e959b2d156cf09e95de3646a94eee19a26dd9f558c2b48f29b1eac6
R0890.RPL,no_additional_violation_detected,2018,0,0,0,finish,DTPA,,,,,,,,cceeab240e959b2d156cf09e95de3646a94eee19a26dd9f558c2b48f29b1eac6
R0891.RPL,no_additional_violation_detected,1850,0,0,0,finish,DTPA,,,,,,,,cceeab240e959b2d156cf09e95de3646a94eee19a26dd9f558c2b48f29b1eac6
R0892.RPL,no_additional_violation_detected,2022,0,0,0,finish,DTPA,,,,,,,,cceeab240e959b2d156cf09e95de3646a94eee19a26dd9f558c2b48f29b1eac6
R0893.RPL,no_additional_violation_detected,1921,0,0,0,finish,DTPA,,,,,,,,cceeab240e959b2d156cf09e95de3646a94eee19a26dd9f558c2b48f29b1eac6
R0894.RPL,no_additional_violation_detected,1900,0,0,0,finish,DTPA,,,,,,,,cceeab240e959b2d156cf09e95de3646a94eee19a26dd9f558c2b48f29b1eac6
R0895.RPL,no_additional_violation_detected,1885,0,0,0,finish,DTPA,,,,,,,,cceeab240e959b2d156cf09e95de3646a94eee19a26dd9f558c2b48f29b1eac6
R0896.RPL,no_additional_violation_detected,1989,0,0,0,finish,DTPA,,,,,,,,cceeab240e959b2d156cf09e95de3646a94eee19a26dd9f558c2b48f29b1eac6
R0897.RPL,no_additional_violation_detected,1815,0,0,0,finish,DTPA,,,,,,,,cceeab240e959b2d156cf09e95de3646a94eee19a26dd9f558c2b48f29b1eac6
R0898.RPL,no_additional_violation_detected,1956,0,0,0,finish,DTPA,,,,,,,,cceeab240e959b2d156cf09e95de3646a94eee19a26dd9f558c2b48f29b1eac6
R0899.RPL,no_additional_violation_detected,1922,0,0,0,finish,DTPA,,,,,,,,cceeab240e959b2d156cf09e95de3646a94eee19a26dd9f558c2b48f29b1eac6
R0900.RPL,no_additional_violation_detected,1825,0,0,0,finish,DTPA,,,,,,,,cceeab240e959b2d156cf09e95de3646a94eee19a26dd9f558c2b48f29b1eac6
R0901.RPL,no_additional_violation_detected,1790,0,0,0,finish,DTPA,,,,,,,,cceeab240e959b2d156cf09e95de3646a94eee19a26dd9f558c2b48f29b1eac6
R0902.RPL,no_additional_violation_detected,1878,0,0,0,finish,DTPA,,,,,,,,cceeab240e959b2d156cf09e95de3646a94eee19a26dd9f558c2b48f29b1eac6
R0903.RPL,no_additional_violation_detected,1872,0,0,0,finish,DTPA,,,,,,,,cceeab240e959b2d156cf09e95de3646a94eee19a26dd9f558c2b48f29b1eac6
R0904.RPL,no_additional_violation_detected,6235,0,0,0,finish,ZCS7,,,,,,,,82d5359d9302acbcb904875c56815df51016d07b0dbd47761b9b0651e58d20ef
R0905.RPL,no_additional_violation_detected,6257,0,0,0,finish,ZCS7,,,,,,,,82d5359d9302acbcb904875c56815df51016d07b0dbd47761b9b0651e58d20ef
R0906.RPL,no_additional_violation_detected,6504,0,0,0,finish,ZCS7,,,,,,,,82d5359d9302acbcb904875c56815df51016d07b0dbd47761b9b0651e58d20ef
R0907.RPL,no_additional_violation_detected,6380,0,0,0,finish,ZCS7,,,,,,,,82d5359d9302acbcb904875c56815df51016d07b0dbd47761b9b0651e58d20ef
R0908.RPL,no_additional_violation_detected,6325,0,0,0,finish,ZCS7,,,,,,,,82d5359d9302acbcb904875c56815df51016d07b0dbd47761b9b0651e58d20ef
R0909.RPL,no_additional_violation_detected,6345,0,0,0,finish,ZCS7,,,,,,,,82d5359d9302acbcb904875c56815df51016d07b0dbd47761b9b0651e58d20ef
R0910.RPL,no_additional_violation_detected,6115,0,0,0,finish,ZCS7,,,,,,,,82d5359d9302acbcb904875c56815df51016d07b0dbd47761b9b0651e58d20ef
R0911.RPL,no_additional_violation_detected,6230,0,0,0,finish,ZCS7,,,,,,,,82d5359d9302acbcb904875c56815df51016d07b0dbd47761b9b0651e58d20ef
R0912.RPL,rejection_candidate,6314,3,0,6025,finish,ZCS7,6025,1,0,0,-99,0,no wheel on or above road,82d5359d9302acbcb904875c56815df51016d07b0dbd47761b9b0651e58d20ef
R0913.RPL,no_additional_violation_detected,5718,0,0,0,finish,ZCS7,,,,,,,,82d5359d9302acbcb904875c56815df51016d07b0dbd47761b9b0651e58d20ef
R0914.RPL,no_additional_violation_detected,6314,0,0,0,finish,ZCS7,,,,,,,,82d5359d9302acbcb904875c56815df51016d07b0dbd47761b9b0651e58d20ef
R0915.RPL,no_additional_violation_detected,6106,0,0,0,finish,ZCS7,,,,,,,,82d5359d9302acbcb904875c56815df51016d07b0dbd47761b9b0651e58d20ef
R0916.RPL,no_additional_violation_detected,2261,0,0,0,finish,ZLET,,,,,,,,73ba71f0b7ad8c1bbdd606d3d225ef32f3c9674f0d853abf06ba51403e738764
R0917.RPL,no_additional_violation_detected,2211,0,0,0,finish,ZLET,,,,,,,,73ba71f0b7ad8c1bbdd606d3d225ef32f3c9674f0d853abf06ba51403e738764
R0918.RPL,no_additional_violation_detected,2442,0,0,0,finish,ZLET,,,,,,,,73ba71f0b7ad8c1bbdd606d3d225ef32f3c9674f0d853abf06ba51403e738764
R0919.RPL,no_additional_violation_detected,2223,0,0,0,finish,ZLET,,,,,,,,73ba71f0b7ad8c1bbdd606d3d225ef32f3c9674f0d853abf06ba51403e738764
R0920.RPL,no_additional_violation_detected,2190,0,0,0,finish,ZLET,,,,,,,,73ba71f0b7ad8c1bbdd606d3d225ef32f3c9674f0d853abf06ba51403e738764
R0921.RPL,no_additional_violation_detected,2148,0,0,0,finish,ZLET,,,,,,,,73ba71f0b7ad8c1bbdd606d3d225ef32f3c9674f0d853abf06ba51403e738764
R0922.RPL,no_additional_violation_detected,2426,0,0,0,finish,ZLET,,,,,,,,73ba71f0b7ad8c1bbdd606d3d225ef32f3c9674f0d853abf06ba51403e738764
R0923.RPL,rejection_candidate,2484,1,0,758,finish,ZLET,758,1,0,0,-99,0,no wheel on or above road,73ba71f0b7ad8c1bbdd606d3d225ef32f3c9674f0d853abf06ba51403e738764
R0924.RPL,no_additional_violation_detected,2121,0,0,0,finish,ZLET,,,,,,,,73ba71f0b7ad8c1bbdd606d3d225ef32f3c9674f0d853abf06ba51403e738764
R0925.RPL,no_additional_violation_detected,2093,0,0,0,finish,ZLET,,,,,,,,73ba71f0b7ad8c1bbdd606d3d225ef32f3c9674f0d853abf06ba51403e738764
R0926.RPL,no_additional_violation_detected,2230,0,0,0,finish,ZLET,,,,,,,,73ba71f0b7ad8c1bbdd606d3d225ef32f3c9674f0d853abf06ba51403e738764
R0927.RPL,no_additional_violation_detected,1996,0,0,0,finish,ZLET,,,,,,,,73ba71f0b7ad8c1bbdd606d3d225ef32f3c9674f0d853abf06ba51403e738764
R0928.RPL,no_additional_violation_detected,2089,0,0,0,finish,ZLET,,,,,,,,73ba71f0b7ad8c1bbdd606d3d225ef32f3c9674f0d853abf06ba51403e738764
R0929.RPL,no_additional_violation_detected,2552,0,0,0,finish,ZLET,,,,,,,,73ba71f0b7ad8c1bbdd606d3d225ef32f3c9674f0d853abf06ba51403e738764
R0930.RPL,no_additional_violation_detected,1936,0,0,0,finish,ZLET,,,,,,,,73ba71f0b7ad8c1bbdd606d3d225ef32f3c9674f0d853abf06ba51403e738764
R0931.RPL,no_additional_violation_detected,2177,0,0,0,finish,ZLET,,,,,,,,73ba71f0b7ad8c1bbdd606d3d225ef32f3c9674f0d853abf06ba51403e738764
R0932.RPL,no_additional_violation_detected,1934,0,0,0,finish,F641,,,,,,,,477a8d69177d9f0b673c5f50edb369693d2a2a6fef6e2edeb1b68ab12ead8324
R0933.RPL,rejection_candidate,1801,71,0,147,collision,F641,147,1,0,0,-99,0,no wheel on or above road,477a8d69177d9f0b673c5f50edb369693d2a2a6fef6e2edeb1b68ab12ead8324
R0934.RPL,no_additional_violation_detected,1768,0,0,0,finish,F641,,,,,,,,477a8d69177d9f0b673c5f50edb369693d2a2a6fef6e2edeb1b68ab12ead8324
R0935.RPL,no_additional_violation_detected,1799,0,0,0,finish,F641,,,,,,,,477a8d69177d9f0b673c5f50edb369693d2a2a6fef6e2edeb1b68ab12ead8324
R0936.RPL,no_additional_violation_detected,1753,0,0,0,finish,F641,,,,,,,,477a8d69177d9f0b673c5f50edb369693d2a2a6fef6e2edeb1b68ab12ead8324
R0937.RPL,no_additional_violation_detected,1746,0,0,0,finish,F641,,,,,,,,477a8d69177d9f0b673c5f50edb369693d2a2a6fef6e2edeb1b68ab12ead8324
R0938.RPL,no_additional_violation_detected,1759,0,0,0,finish,F641,,,,,,,,477a8d69177d9f0b673c5f50edb369693d2a2a6fef6e2edeb1b68ab12ead8324
R0939.RPL,no_additional_violation_detected,1924,0,0,0,finish,F641,,,,,,,,477a8d69177d9f0b673c5f50edb369693d2a2a6fef6e2edeb1b68ab12ead8324
R0940.RPL,no_additional_violation_detected,1712,0,0,0,finish,F641,,,,,,,,477a8d69177d9f0b673c5f50edb369693d2a2a6fef6e2edeb1b68ab12ead8324
R0941.RPL,no_additional_violation_detected,1740,0,0,0,finish,F641,,,,,,,,477a8d69177d9f0b673c5f50edb369693d2a2a6fef6e2edeb1b68ab12ead8324
R0942.RPL,no_additional_violation_detected,1757,0,0,0,finish,F641,,,,,,,,477a8d69177d9f0b673c5f50edb369693d2a2a6fef6e2edeb1b68ab12ead8324
R0943.RPL,no_additional_violation_detected,1753,0,0,0,finish,F641,,,,,,,,477a8d69177d9f0b673c5f50edb369693d2a2a6fef6e2edeb1b68ab12ead8324
R0944.RPL,no_additional_violation_detected,1712,0,0,0,finish,F641,,,,,,,,477a8d69177d9f0b673c5f50edb369693d2a2a6fef6e2edeb1b68ab12ead8324
R0945.RPL,no_additional_violation_detected,1726,0,0,0,finish,F641,,,,,,,,477a8d69177d9f0b673c5f50edb369693d2a2a6fef6e2edeb1b68ab12ead8324
R0946.RPL,no_additional_violation_detected,1754,0,0,0,finish,F641,,,,,,,,477a8d69177d9f0b673c5f50edb369693d2a2a6fef6e2edeb1b68ab12ead8324
R0947.RPL,no_additional_violation_detected,1710,0,0,0,finish,F641,,,,,,,,477a8d69177d9f0b673c5f50edb369693d2a2a6fef6e2edeb1b68ab12ead8324
R0948.RPL,rejection_candidate,1875,2,881,0,finish,F641,881,0,0,15,34,1,stunt route incomplete,477a8d69177d9f0b673c5f50edb369693d2a2a6fef6e2edeb1b68ab12ead8324
R0949.RPL,no_additional_violation_detected,1747,0,0,0,finish,F641,,,,,,,,477a8d69177d9f0b673c5f50edb369693d2a2a6fef6e2edeb1b68ab12ead8324
R0950.RPL,no_additional_violation_detected,1718,0,0,0,finish,F641,,,,,,,,477a8d69177d9f0b673c5f50edb369693d2a2a6fef6e2edeb1b68ab12ead8324
R0951.RPL,no_additional_violation_detected,1673,0,0,0,finish,F641,,,,,,,,477a8d69177d9f0b673c5f50edb369693d2a2a6fef6e2edeb1b68ab12ead8324
R0952.RPL,no_additional_violation_detected,1703,0,0,0,finish,F641,,,,,,,,477a8d69177d9f0b673c5f50edb369693d2a2a6fef6e2edeb1b68ab12ead8324
R0953.RPL,no_additional_violation_detected,3475,0,0,0,finish,RANG,,,,,,,,ce6415963b79eed1f04cf3f95308a549a3281d9fc57a2f8da345279736c31360
R0954.RPL,rejection_candidate,3390,2,2129,0,finish,RANG,2129,0,0,15,34,1,stunt route incomplete,ce6415963b79eed1f04cf3f95308a549a3281d9fc57a2f8da345279736c31360
R0955.RPL,rejection_candidate,3577,313,88,0,finish,RANG,88,0,0,15,34,0,stunt route incomplete,ce6415963b79eed1f04cf3f95308a549a3281d9fc57a2f8da345279736c31360
R0956.RPL,rejection_candidate,3426,572,2187,0,finish,RANG,2187,0,0,15,34,0,stunt route incomplete,ce6415963b79eed1f04cf3f95308a549a3281d9fc57a2f8da345279736c31360
R0957.RPL,no_additional_violation_detected,3391,0,0,0,finish,RANG,,,,,,,,ce6415963b79eed1f04cf3f95308a549a3281d9fc57a2f8da345279736c31360
R0958.RPL,no_additional_violation_detected,3489,0,0,0,finish,RANG,,,,,,,,ce6415963b79eed1f04cf3f95308a549a3281d9fc57a2f8da345279736c31360
R0959.RPL,no_additional_violation_detected,3379,0,0,0,finish,RANG,,,,,,,,ce6415963b79eed1f04cf3f95308a549a3281d9fc57a2f8da345279736c31360
R0960.RPL,no_additional_violation_detected,3580,0,0,0,finish,RANG,,,,,,,,ce6415963b79eed1f04cf3f95308a549a3281d9fc57a2f8da345279736c31360
R0961.RPL,no_additional_violation_detected,3480,0,0,0,finish,RANG,,,,,,,,ce6415963b79eed1f04cf3f95308a549a3281d9fc57a2f8da345279736c31360
R0962.RPL,no_additional_violation_detected,3188,0,0,0,finish,RANG,,,,,,,,ce6415963b79eed1f04cf3f95308a549a3281d9fc57a2f8da345279736c31360
R0963.RPL,no_additional_violation_detected,3701,0,0,0,finish,RANG,,,,,,,,ce6415963b79eed1f04cf3f95308a549a3281d9fc57a2f8da345279736c31360
R0964.RPL,no_additional_violation_detected,3707,0,0,0,finish,RANG,,,,,,,,ce6415963b79eed1f04cf3f95308a549a3281d9fc57a2f8da345279736c31360
R0965.RPL,no_additional_violation_detected,3373,0,0,0,finish,RANG,,,,,,,,ce6415963b79eed1f04cf3f95308a549a3281d9fc57a2f8da345279736c31360
R0966.RPL,no_additional_violation_detected,3448,0,0,0,finish,RANG,,,,,,,,ce6415963b79eed1f04cf3f95308a549a3281d9fc57a2f8da345279736c31360
R0967.RPL,no_additional_violation_detected,3400,0,0,0,finish,RANG,,,,,,,,ce6415963b79eed1f04cf3f95308a549a3281d9fc57a2f8da345279736c31360
R0968.RPL,rejection_candidate,3156,2,0,2532,finish,RANG,2532,1,0,0,-99,0,no wheel on or above road,ce6415963b79eed1f04cf3f95308a549a3281d9fc57a2f8da345279736c31360
R0969.RPL,rejection_candidate,3437,580,2205,0,finish,RANG,2205,0,0,15,34,0,stunt route incomplete,ce6415963b79eed1f04cf3f95308a549a3281d9fc57a2f8da345279736c31360
R0970.RPL,no_additional_violation_detected,3357,0,0,0,finish,RANG,,,,,,,,ce6415963b79eed1f04cf3f95308a549a3281d9fc57a2f8da345279736c31360
R0971.RPL,no_additional_violation_detected,3187,0,0,0,finish,RANG,,,,,,,,ce6415963b79eed1f04cf3f95308a549a3281d9fc57a2f8da345279736c31360
R0972.RPL,no_additional_violation_detected,1703,0,0,0,finish,P962,,,,,,,,988f977375f48ff9f9e1f4a379a097ae278ef9bcaa2b45d92b432a71f9d7e208
R0973.RPL,no_additional_violation_detected,1699,0,0,0,finish,P962,,,,,,,,988f977375f48ff9f9e1f4a379a097ae278ef9bcaa2b45d92b432a71f9d7e208
R0974.RPL,no_additional_violation_detected,1663,0,0,0,finish,P962,,,,,,,,988f977375f48ff9f9e1f4a379a097ae278ef9bcaa2b45d92b432a71f9d7e208
R0975.RPL,no_additional_violation_detected,1806,0,0,0,finish,P962,,,,,,,,988f977375f48ff9f9e1f4a379a097ae278ef9bcaa2b45d92b432a71f9d7e208
R0976.RPL,no_additional_violation_detected,1712,0,0,0,finish,P962,,,,,,,,988f977375f48ff9f9e1f4a379a097ae278ef9bcaa2b45d92b432a71f9d7e208
R0977.RPL,no_additional_violation_detected,1676,0,0,0,finish,P962,,,,,,,,988f977375f48ff9f9e1f4a379a097ae278ef9bcaa2b45d92b432a71f9d7e208
R0978.RPL,no_additional_violation_detected,1770,0,0,0,finish,P962,,,,,,,,988f977375f48ff9f9e1f4a379a097ae278ef9bcaa2b45d92b432a71f9d7e208
R0979.RPL,no_additional_violation_detected,1672,0,0,0,finish,P962,,,,,,,,988f977375f48ff9f9e1f4a379a097ae278ef9bcaa2b45d92b432a71f9d7e208
R0980.RPL,no_additional_violation_detected,1644,0,0,0,finish,P962,,,,,,,,988f977375f48ff9f9e1f4a379a097ae278ef9bcaa2b45d92b432a71f9d7e208
R0981.RPL,no_additional_violation_detected,1626,0,0,0,finish,P962,,,,,,,,988f977375f48ff9f9e1f4a379a097ae278ef9bcaa2b45d92b432a71f9d7e208
R0982.RPL,no_additional_violation_detected,1614,0,0,0,finish,P962,,,,,,,,988f977375f48ff9f9e1f4a379a097ae278ef9bcaa2b45d92b432a71f9d7e208
R0983.RPL,no_additional_violation_detected,1603,0,0,0,finish,P962,,,,,,,,988f977375f48ff9f9e1f4a379a097ae278ef9bcaa2b45d92b432a71f9d7e208
R0984.RPL,no_additional_violation_detected,1754,0,0,0,finish,P962,,,,,,,,988f977375f48ff9f9e1f4a379a097ae278ef9bcaa2b45d92b432a71f9d7e208
R0985.RPL,no_additional_violation_detected,1577,0,0,0,finish,P962,,,,,,,,988f977375f48ff9f9e1f4a379a097ae278ef9bcaa2b45d92b432a71f9d7e208
R0986.RPL,no_additional_violation_detected,1885,0,0,0,finish,CDOR,,,,,,,,ebc948ad9f91574dd960ac6de564f25e3d3163f7d494253b0e69be60c83fecfd
R0987.RPL,no_additional_violation_detected,2057,0,0,0,finish,CDOR,,,,,,,,ebc948ad9f91574dd960ac6de564f25e3d3163f7d494253b0e69be60c83fecfd
R0988.RPL,no_additional_violation_detected,2021,0,0,0,finish,CDOR,,,,,,,,ebc948ad9f91574dd960ac6de564f25e3d3163f7d494253b0e69be60c83fecfd
R0989.RPL,no_additional_violation_detected,1976,0,0,0,finish,CDOR,,,,,,,,ebc948ad9f91574dd960ac6de564f25e3d3163f7d494253b0e69be60c83fecfd
R0990.RPL,no_additional_violation_detected,2102,0,0,0,finish,CDOR,,,,,,,,ebc948ad9f91574dd960ac6de564f25e3d3163f7d494253b0e69be60c83fecfd
R0991.RPL,no_additional_violation_detected,1969,0,0,0,finish,CDOR,,,,,,,,ebc948ad9f91574dd960ac6de564f25e3d3163f7d494253b0e69be60c83fecfd
R0992.RPL,no_additional_violation_detected,1953,0,0,0,finish,CDOR,,,,,,,,ebc948ad9f91574dd960ac6de564f25e3d3163f7d494253b0e69be60c83fecfd
R0993.RPL,no_additional_violation_detected,1939,0,0,0,finish,CDOR,,,,,,,,ebc948ad9f91574dd960ac6de564f25e3d3163f7d494253b0e69be60c83fecfd
R0994.RPL,no_additional_violation_detected,2000,0,0,0,finish,BA70,,,,,,,,00eed8ed18618c0528a2e61f6c605e52a30b05248de5c65482a273da4ebeab2d
R0995.RPL,rejection_candidate,2064,5,0,979,finish,BA70,979,1,0,0,-99,0,no wheel on or above road,00eed8ed18618c0528a2e61f6c605e52a30b05248de5c65482a273da4ebeab2d
R0996.RPL,no_additional_violation_detected,2001,0,0,0,finish,BA70,,,,,,,,00eed8ed18618c0528a2e61f6c605e52a30b05248de5c65482a273da4ebeab2d
R0997.RPL,no_additional_violation_detected,1942,0,0,0,finish,BA70,,,,,,,,00eed8ed18618c0528a2e61f6c605e52a30b05248de5c65482a273da4ebeab2d
R0998.RPL,rejection_candidate,1978,417,1526,0,finish,BA70,1526,0,0,15,34,0,stunt route incomplete,00eed8ed18618c0528a2e61f6c605e52a30b05248de5c65482a273da4ebeab2d
R0999.RPL,no_additional_violation_detected,1804,0,0,0,finish,BA70,,,,,,,,00eed8ed18618c0528a2e61f6c605e52a30b05248de5c65482a273da4ebeab2d
R1000.RPL,rejection_candidate,1963,16,0,923,finish,BA70,923,1,0,0,-99,0,no wheel on or above road,00eed8ed18618c0528a2e61f6c605e52a30b05248de5c65482a273da4ebeab2d
R1001.RPL,rejection_candidate,1957,4,0,986,finish,BA70,986,1,0,0,-99,0,no wheel on or above road,00eed8ed18618c0528a2e61f6c605e52a30b05248de5c65482a273da4ebeab2d
R1002.RPL,rejection_candidate,2063,2,0,983,finish,BA70,983,1,0,0,-99,0,no wheel on or above road,00eed8ed18618c0528a2e61f6c605e52a30b05248de5c65482a273da4ebeab2d
R1003.RPL,no_additional_violation_detected,2018,0,0,0,finish,BA70,,,,,,,,00eed8ed18618c0528a2e61f6c605e52a30b05248de5c65482a273da4ebeab2d
R1004.RPL,no_additional_violation_detected,1797,0,0,0,finish,BA70,,,,,,,,00eed8ed18618c0528a2e61f6c605e52a30b05248de5c65482a273da4ebeab2d
R1005.RPL,no_additional_violation_detected,1952,0,0,0,finish,BA70,,,,,,,,00eed8ed18618c0528a2e61f6c605e52a30b05248de5c65482a273da4ebeab2d
R1006.RPL,no_additional_violation_detected,1968,0,0,0,finish,BA70,,,,,,,,00eed8ed18618c0528a2e61f6c605e52a30b05248de5c65482a273da4ebeab2d
R1007.RPL,no_additional_violation_detected,1776,0,0,0,finish,BA70,,,,,,,,00eed8ed18618c0528a2e61f6c605e52a30b05248de5c65482a273da4ebeab2d
R1008.RPL,no_additional_violation_detected,1894,0,0,0,finish,BA70,,,,,,,,00eed8ed18618c0528a2e61f6c605e52a30b05248de5c65482a273da4ebeab2d
R1009.RPL,rejection_candidate,2115,1306,790,0,finish,GATE,790,0,0,15,32,5,stunt route incomplete,4a804b5c64edd0317d2aa523e752bb4678c095f6a7d327b29613c94226e8c222
R1010.RPL,rejection_candidate,2317,1464,834,974,finish,GATE,834,0,0,15,32,4,stunt route incomplete,4a804b5c64edd0317d2aa523e752bb4678c095f6a7d327b29613c94226e8c222
R1011.RPL,rejection_candidate,2216,1701,496,903,finish,GATE,496,0,0,15,27,5,stunt route incomplete,4a804b5c64edd0317d2aa523e752bb4678c095f6a7d327b29613c94226e8c222
R1012.RPL,rejection_candidate,2249,880,439,918,finish,GATE,439,0,0,15,28,0,stunt route incomplete,4a804b5c64edd0317d2aa523e752bb4678c095f6a7d327b29613c94226e8c222
R1013.RPL,rejection_candidate,2553,1684,850,0,finish,GATE,850,0,0,15,32,4,stunt route incomplete,4a804b5c64edd0317d2aa523e752bb4678c095f6a7d327b29613c94226e8c222
R1014.RPL,rejection_candidate,2193,1438,747,542,finish,GATE,542,1,0,0,-99,0,no wheel on or above road,4a804b5c64edd0317d2aa523e752bb4678c095f6a7d327b29613c94226e8c222
R1015.RPL,rejection_candidate,2054,1259,776,886,finish,GATE,776,0,0,15,32,4,stunt route incomplete,4a804b5c64edd0317d2aa523e752bb4678c095f6a7d327b29613c94226e8c222
R1016.RPL,rejection_candidate,2137,1397,721,859,finish,GATE,721,0,0,15,32,4,stunt route incomplete,4a804b5c64edd0317d2aa523e752bb4678c095f6a7d327b29613c94226e8c222
R1017.RPL,rejection_candidate,2100,1362,719,851,finish,GATE,719,0,0,15,32,4,stunt route incomplete,4a804b5c64edd0317d2aa523e752bb4678c095f6a7d327b29613c94226e8c222
R1018.RPL,rejection_candidate,2022,1269,734,0,finish,GATE,734,0,0,15,32,4,stunt route incomplete,4a804b5c64edd0317d2aa523e752bb4678c095f6a7d327b29613c94226e8c222
R1019.RPL,rejection_candidate,1877,1201,664,249,finish,GATE,249,1,0,0,-99,0,no wheel on or above road,4a804b5c64edd0317d2aa523e752bb4678c095f6a7d327b29613c94226e8c222
R1020.RPL,no_additional_violation_detected,1737,0,0,0,finish,TCTO,,,,,,,,b2e731951d0cf3004168ab924006df8a3f250ded48dfa65a5e01e84535b1eea1
R1021.RPL,no_additional_violation_detected,1705,0,0,0,finish,TCTO,,,,,,,,b2e731951d0cf3004168ab924006df8a3f250ded48dfa65a5e01e84535b1eea1
R1022.RPL,no_additional_violation_detected,1850,0,0,0,finish,TCTO,,,,,,,,b2e731951d0cf3004168ab924006df8a3f250ded48dfa65a5e01e84535b1eea1
R1023.RPL,no_additional_violation_detected,1801,0,0,0,finish,TCTO,,,,,,,,b2e731951d0cf3004168ab924006df8a3f250ded48dfa65a5e01e84535b1eea1
R1024.RPL,no_additional_violation_detected,1763,0,0,0,finish,TCTO,,,,,,,,b2e731951d0cf3004168ab924006df8a3f250ded48dfa65a5e01e84535b1eea1
R1025.RPL,no_additional_violation_detected,1783,0,0,0,finish,TCTO,,,,,,,,b2e731951d0cf3004168ab924006df8a3f250ded48dfa65a5e01e84535b1eea1
R1026.RPL,no_additional_violation_detected,1860,0,0,0,finish,TCTO,,,,,,,,b2e731951d0cf3004168ab924006df8a3f250ded48dfa65a5e01e84535b1eea1
R1027.RPL,no_additional_violation_detected,1761,0,0,0,finish,TCTO,,,,,,,,b2e731951d0cf3004168ab924006df8a3f250ded48dfa65a5e01e84535b1eea1
R1028.RPL,no_additional_violation_detected,1694,0,0,0,finish,TCTO,,,,,,,,b2e731951d0cf3004168ab924006df8a3f250ded48dfa65a5e01e84535b1eea1
R1029.RPL,no_additional_violation_detected,1669,0,0,0,finish,TCTO,,,,,,,,b2e731951d0cf3004168ab924006df8a3f250ded48dfa65a5e01e84535b1eea1
R1030.RPL,no_additional_violation_detected,1759,0,0,0,finish,TCTO,,,,,,,,b2e731951d0cf3004168ab924006df8a3f250ded48dfa65a5e01e84535b1eea1
R1031.RPL,no_additional_violation_detected,1678,0,0,0,finish,TCTO,,,,,,,,b2e731951d0cf3004168ab924006df8a3f250ded48dfa65a5e01e84535b1eea1
R1032.RPL,no_additional_violation_detected,1762,0,0,0,finish,TCTO,,,,,,,,b2e731951d0cf3004168ab924006df8a3f250ded48dfa65a5e01e84535b1eea1
R1033.RPL,no_additional_violation_detected,1729,0,0,0,finish,TCTO,,,,,,,,b2e731951d0cf3004168ab924006df8a3f250ded48dfa65a5e01e84535b1eea1
R1034.RPL,no_additional_violation_detected,1713,0,0,0,finish,TCTO,,,,,,,,b2e731951d0cf3004168ab924006df8a3f250ded48dfa65a5e01e84535b1eea1
R1035.RPL,no_additional_violation_detected,2477,0,0,0,finish,P962,,,,,,,,69bb4e5c9fe829cd388cb6d9344f6f02e2693d6e0c0c453885b23eeef67207db
R1036.RPL,no_additional_violation_detected,2441,0,0,0,finish,P962,,,,,,,,69bb4e5c9fe829cd388cb6d9344f6f02e2693d6e0c0c453885b23eeef67207db
R1037.RPL,no_additional_violation_detected,2515,0,0,0,finish,P962,,,,,,,,69bb4e5c9fe829cd388cb6d9344f6f02e2693d6e0c0c453885b23eeef67207db
R1038.RPL,rejection_candidate,2281,2,0,1566,finish,P962,1566,1,0,0,31,2,no wheel on or above road,69bb4e5c9fe829cd388cb6d9344f6f02e2693d6e0c0c453885b23eeef67207db
R1039.RPL,rejection_candidate,2414,2,0,1662,finish,P962,1662,1,0,0,31,2,no wheel on or above road,69bb4e5c9fe829cd388cb6d9344f6f02e2693d6e0c0c453885b23eeef67207db
R1040.RPL,no_additional_violation_detected,3283,0,0,0,finish,P962,,,,,,,,69bb4e5c9fe829cd388cb6d9344f6f02e2693d6e0c0c453885b23eeef67207db
R1041.RPL,no_additional_violation_detected,2617,0,0,0,finish,P962,,,,,,,,69bb4e5c9fe829cd388cb6d9344f6f02e2693d6e0c0c453885b23eeef67207db
R1042.RPL,no_additional_violation_detected,2553,0,0,0,finish,P962,,,,,,,,69bb4e5c9fe829cd388cb6d9344f6f02e2693d6e0c0c453885b23eeef67207db
R1043.RPL,no_additional_violation_detected,2410,0,0,0,finish,P962,,,,,,,,69bb4e5c9fe829cd388cb6d9344f6f02e2693d6e0c0c453885b23eeef67207db
R1044.RPL,no_additional_violation_detected,2146,0,0,0,finish,ZTCG,,,,,,,,441ecc5de728b1f88152337e98f0defd240ae4862889fc8cf0dd75080e1e0bb1
R1045.RPL,no_additional_violation_detected,2262,0,0,0,finish,ZTCG,,,,,,,,441ecc5de728b1f88152337e98f0defd240ae4862889fc8cf0dd75080e1e0bb1
R1046.RPL,no_additional_violation_detected,2357,0,0,0,finish,ZTCG,,,,,,,,441ecc5de728b1f88152337e98f0defd240ae4862889fc8cf0dd75080e1e0bb1
R1047.RPL,no_additional_violation_detected,2112,0,0,0,finish,ZTCG,,,,,,,,441ecc5de728b1f88152337e98f0defd240ae4862889fc8cf0dd75080e1e0bb1
R1048.RPL,no_additional_violation_detected,2404,0,0,0,finish,ZTCG,,,,,,,,441ecc5de728b1f88152337e98f0defd240ae4862889fc8cf0dd75080e1e0bb1
R1049.RPL,no_additional_violation_detected,2407,0,0,0,finish,ZTST,,,,,,,,441ecc5de728b1f88152337e98f0defd240ae4862889fc8cf0dd75080e1e0bb1
R1050.RPL,no_additional_violation_detected,2352,0,0,0,finish,ZTST,,,,,,,,441ecc5de728b1f88152337e98f0defd240ae4862889fc8cf0dd75080e1e0bb1
R1051.RPL,no_additional_violation_detected,2237,0,0,0,finish,ZTCG,,,,,,,,441ecc5de728b1f88152337e98f0defd240ae4862889fc8cf0dd75080e1e0bb1
R1052.RPL,no_additional_violation_detected,2285,0,0,0,finish,ZTST,,,,,,,,441ecc5de728b1f88152337e98f0defd240ae4862889fc8cf0dd75080e1e0bb1
R1053.RPL,no_additional_violation_detected,2279,0,0,0,finish,ZTCG,,,,,,,,441ecc5de728b1f88152337e98f0defd240ae4862889fc8cf0dd75080e1e0bb1
R1054.RPL,no_additional_violation_detected,2129,0,0,0,finish,ZTCG,,,,,,,,441ecc5de728b1f88152337e98f0defd240ae4862889fc8cf0dd75080e1e0bb1
R1055.RPL,no_additional_violation_detected,2170,0,0,0,finish,ZTST,,,,,,,,441ecc5de728b1f88152337e98f0defd240ae4862889fc8cf0dd75080e1e0bb1
R1056.RPL,no_additional_violation_detected,2147,0,0,0,finish,ZTCG,,,,,,,,441ecc5de728b1f88152337e98f0defd240ae4862889fc8cf0dd75080e1e0bb1
R1057.RPL,no_additional_violation_detected,1989,0,0,0,finish,ZTCG,,,,,,,,441ecc5de728b1f88152337e98f0defd240ae4862889fc8cf0dd75080e1e0bb1
R1058.RPL,no_additional_violation_detected,1989,0,0,0,finish,ZTST,,,,,,,,441ecc5de728b1f88152337e98f0defd240ae4862889fc8cf0dd75080e1e0bb1
R1059.RPL,no_additional_violation_detected,2085,0,0,0,finish,ZTCG,,,,,,,,441ecc5de728b1f88152337e98f0defd240ae4862889fc8cf0dd75080e1e0bb1
R1060.RPL,no_additional_violation_detected,2048,0,0,0,finish,ZTCG,,,,,,,,441ecc5de728b1f88152337e98f0defd240ae4862889fc8cf0dd75080e1e0bb1
R1061.RPL,no_additional_violation_detected,2057,0,0,0,finish,ZTCG,,,,,,,,441ecc5de728b1f88152337e98f0defd240ae4862889fc8cf0dd75080e1e0bb1
R1062.RPL,no_additional_violation_detected,2164,0,0,0,finish,ZTST,,,,,,,,441ecc5de728b1f88152337e98f0defd240ae4862889fc8cf0dd75080e1e0bb1
R1063.RPL,no_additional_violation_detected,2096,0,0,0,finish,ZTST,,,,,,,,441ecc5de728b1f88152337e98f0defd240ae4862889fc8cf0dd75080e1e0bb1
R1064.RPL,no_additional_violation_detected,2147,0,0,0,finish,ZTST,,,,,,,,441ecc5de728b1f88152337e98f0defd240ae4862889fc8cf0dd75080e1e0bb1
R1065.RPL,no_additional_violation_detected,2145,0,0,0,finish,ZTST,,,,,,,,441ecc5de728b1f88152337e98f0defd240ae4862889fc8cf0dd75080e1e0bb1
R1066.RPL,no_additional_violation_detected,2135,0,0,0,finish,ZTST,,,,,,,,441ecc5de728b1f88152337e98f0defd240ae4862889fc8cf0dd75080e1e0bb1
R1067.RPL,no_additional_violation_detected,2124,0,0,0,finish,ZTST,,,,,,,,441ecc5de728b1f88152337e98f0defd240ae4862889fc8cf0dd75080e1e0bb1
R1068.RPL,no_additional_violation_detected,2111,0,0,0,finish,ZTST,,,,,,,,441ecc5de728b1f88152337e98f0defd240ae4862889fc8cf0dd75080e1e0bb1
R1069.RPL,no_additional_violation_detected,2110,0,0,0,finish,ZTCG,,,,,,,,441ecc5de728b1f88152337e98f0defd240ae4862889fc8cf0dd75080e1e0bb1
R1070.RPL,no_additional_violation_detected,2108,0,0,0,finish,ZTCG,,,,,,,,441ecc5de728b1f88152337e98f0defd240ae4862889fc8cf0dd75080e1e0bb1
R1071.RPL,no_additional_violation_detected,2106,0,0,0,finish,ZTCG,,,,,,,,441ecc5de728b1f88152337e98f0defd240ae4862889fc8cf0dd75080e1e0bb1
R1072.RPL,no_additional_violation_detected,2091,0,0,0,finish,ZTCG,,,,,,,,441ecc5de728b1f88152337e98f0defd240ae4862889fc8cf0dd75080e1e0bb1
R1073.RPL,no_additional_violation_detected,2079,0,0,0,finish,ZTCG,,,,,,,,441ecc5de728b1f88152337e98f0defd240ae4862889fc8cf0dd75080e1e0bb1
R1074.RPL,no_additional_violation_detected,3669,0,0,0,finish,FGTO,,,,,,,,c68bb289f7ac3d5c6867fc571e4378eeb107b83920c13363392863ddaa8a754e
R1075.RPL,no_additional_violation_detected,3413,0,0,0,finish,FGTO,,,,,,,,c68bb289f7ac3d5c6867fc571e4378eeb107b83920c13363392863ddaa8a754e
R1076.RPL,rejection_candidate,3250,1,0,1076,finish,FGTO,1076,1,0,0,31,2,no wheel on or above road,c68bb289f7ac3d5c6867fc571e4378eeb107b83920c13363392863ddaa8a754e
R1077.RPL,no_additional_violation_detected,3698,0,0,0,finish,FGTO,,,,,,,,c68bb289f7ac3d5c6867fc571e4378eeb107b83920c13363392863ddaa8a754e
R1078.RPL,no_additional_violation_detected,3280,0,0,0,finish,FGTO,,,,,,,,c68bb289f7ac3d5c6867fc571e4378eeb107b83920c13363392863ddaa8a754e
R1079.RPL,no_additional_violation_detected,3512,0,0,0,finish,FGTO,,,,,,,,c68bb289f7ac3d5c6867fc571e4378eeb107b83920c13363392863ddaa8a754e
R1080.RPL,no_additional_violation_detected,3336,0,0,0,finish,FGTO,,,,,,,,c68bb289f7ac3d5c6867fc571e4378eeb107b83920c13363392863ddaa8a754e
R1081.RPL,no_additional_violation_detected,3320,0,0,0,finish,FGTO,,,,,,,,c68bb289f7ac3d5c6867fc571e4378eeb107b83920c13363392863ddaa8a754e
R1082.RPL,no_additional_violation_detected,3311,0,0,0,finish,FGTO,,,,,,,,c68bb289f7ac3d5c6867fc571e4378eeb107b83920c13363392863ddaa8a754e
R1083.RPL,no_additional_violation_detected,3302,0,0,0,finish,FGTO,,,,,,,,c68bb289f7ac3d5c6867fc571e4378eeb107b83920c13363392863ddaa8a754e
R1084.RPL,no_additional_violation_detected,3296,0,0,0,finish,FGTO,,,,,,,,c68bb289f7ac3d5c6867fc571e4378eeb107b83920c13363392863ddaa8a754e
R1085.RPL,no_additional_violation_detected,3290,0,0,0,finish,FGTO,,,,,,,,c68bb289f7ac3d5c6867fc571e4378eeb107b83920c13363392863ddaa8a754e
R1086.RPL,no_additional_violation_detected,3260,0,0,0,finish,FGTO,,,,,,,,c68bb289f7ac3d5c6867fc571e4378eeb107b83920c13363392863ddaa8a754e
R1087.RPL,no_additional_violation_detected,3290,0,0,0,finish,FGTO,,,,,,,,c68bb289f7ac3d5c6867fc571e4378eeb107b83920c13363392863ddaa8a754e
R1088.RPL,no_additional_violation_detected,3273,0,0,0,finish,FGTO,,,,,,,,c68bb289f7ac3d5c6867fc571e4378eeb107b83920c13363392863ddaa8a754e
R1089.RPL,no_additional_violation_detected,3254,0,0,0,finish,FGTO,,,,,,,,c68bb289f7ac3d5c6867fc571e4378eeb107b83920c13363392863ddaa8a754e
R1090.RPL,rejection_candidate,2547,2017,509,1454,finish,ZM78,509,0,0,15,34,1,stunt route incomplete,d32c67e6e7c5fb8bd40bb275346dbe9bfe14499a9a7df1d91336dc84c4b01124
R1091.RPL,rejection_candidate,2572,2345,0,140,unfinished,ZM78,140,1,0,0,-99,0,no wheel on or above road,d32c67e6e7c5fb8bd40bb275346dbe9bfe14499a9a7df1d91336dc84c4b01124
R1092.RPL,rejection_candidate,2468,1306,511,1426,finish,ZM78,511,0,0,15,34,0,stunt route incomplete,d32c67e6e7c5fb8bd40bb275346dbe9bfe14499a9a7df1d91336dc84c4b01124
R1093.RPL,rejection_candidate,2567,337,525,0,finish,ZM78,525,0,0,15,34,0,stunt route incomplete,d32c67e6e7c5fb8bd40bb275346dbe9bfe14499a9a7df1d91336dc84c4b01124
R1094.RPL,rejection_candidate,2559,2012,526,0,finish,ZM78,526,0,0,15,34,1,stunt route incomplete,d32c67e6e7c5fb8bd40bb275346dbe9bfe14499a9a7df1d91336dc84c4b01124
R1095.RPL,rejection_candidate,2418,1761,0,127,collision,ZM78,127,1,0,0,-99,0,no wheel on or above road,d32c67e6e7c5fb8bd40bb275346dbe9bfe14499a9a7df1d91336dc84c4b01124
R1096.RPL,rejection_candidate,2448,1323,504,1434,finish,ZM78,504,0,0,15,34,0,stunt route incomplete,d32c67e6e7c5fb8bd40bb275346dbe9bfe14499a9a7df1d91336dc84c4b01124
R1097.RPL,rejection_candidate,2620,1452,510,1462,finish,ZM78,510,0,0,15,34,0,stunt route incomplete,d32c67e6e7c5fb8bd40bb275346dbe9bfe14499a9a7df1d91336dc84c4b01124
R1098.RPL,rejection_candidate,2539,1380,499,1453,finish,ZM78,499,0,0,15,34,0,stunt route incomplete,d32c67e6e7c5fb8bd40bb275346dbe9bfe14499a9a7df1d91336dc84c4b01124
R1099.RPL,rejection_candidate,2350,1275,490,1365,finish,ZM78,490,0,0,15,34,0,stunt route incomplete,d32c67e6e7c5fb8bd40bb275346dbe9bfe14499a9a7df1d91336dc84c4b01124
R1100.RPL,rejection_candidate,2456,329,513,0,finish,ZM78,513,0,0,15,34,0,stunt route incomplete,d32c67e6e7c5fb8bd40bb275346dbe9bfe14499a9a7df1d91336dc84c4b01124
R1101.RPL,rejection_candidate,2317,1253,488,371,finish,ZM78,371,1,0,0,31,2,no wheel on or above road,d32c67e6e7c5fb8bd40bb275346dbe9bfe14499a9a7df1d91336dc84c4b01124
R1102.RPL,rejection_candidate,2481,1348,496,1421,finish,ZM78,496,0,0,15,34,0,stunt route incomplete,d32c67e6e7c5fb8bd40bb275346dbe9bfe14499a9a7df1d91336dc84c4b01124
R1103.RPL,rejection_candidate,2446,1321,494,1405,finish,ZM78,494,0,0,15,34,0,stunt route incomplete,d32c67e6e7c5fb8bd40bb275346dbe9bfe14499a9a7df1d91336dc84c4b01124
R1104.RPL,rejection_candidate,2439,1276,514,1412,finish,ZM78,514,0,0,15,34,0,stunt route incomplete,d32c67e6e7c5fb8bd40bb275346dbe9bfe14499a9a7df1d91336dc84c4b01124
R1105.RPL,no_additional_violation_detected,1693,0,0,0,finish,LOLA,,,,,,,,b6d7c2066558ec2a9b30356bab5b4ef4238525ce314ac8c007a37e14ab47206a
R1106.RPL,no_additional_violation_detected,1686,0,0,0,finish,LOLA,,,,,,,,b6d7c2066558ec2a9b30356bab5b4ef4238525ce314ac8c007a37e14ab47206a
R1107.RPL,no_additional_violation_detected,1807,0,0,0,finish,LOLA,,,,,,,,b6d7c2066558ec2a9b30356bab5b4ef4238525ce314ac8c007a37e14ab47206a
R1108.RPL,rejection_candidate,1939,1,0,703,finish,LOLA,703,1,0,0,-99,0,no wheel on or above road,b6d7c2066558ec2a9b30356bab5b4ef4238525ce314ac8c007a37e14ab47206a
R1109.RPL,no_additional_violation_detected,1867,0,0,0,finish,LOLA,,,,,,,,b6d7c2066558ec2a9b30356bab5b4ef4238525ce314ac8c007a37e14ab47206a
R1110.RPL,no_additional_violation_detected,1801,0,0,0,finish,LOLA,,,,,,,,b6d7c2066558ec2a9b30356bab5b4ef4238525ce314ac8c007a37e14ab47206a
R1111.RPL,no_additional_violation_detected,1782,0,0,0,finish,LOLA,,,,,,,,b6d7c2066558ec2a9b30356bab5b4ef4238525ce314ac8c007a37e14ab47206a
R1112.RPL,no_additional_violation_detected,1747,0,0,0,finish,LOLA,,,,,,,,b6d7c2066558ec2a9b30356bab5b4ef4238525ce314ac8c007a37e14ab47206a
R1113.RPL,no_additional_violation_detected,1744,0,0,0,finish,LOLA,,,,,,,,b6d7c2066558ec2a9b30356bab5b4ef4238525ce314ac8c007a37e14ab47206a
R1114.RPL,no_additional_violation_detected,1725,0,0,0,finish,LOLA,,,,,,,,b6d7c2066558ec2a9b30356bab5b4ef4238525ce314ac8c007a37e14ab47206a
R1115.RPL,no_additional_violation_detected,1713,0,0,0,finish,LOLA,,,,,,,,b6d7c2066558ec2a9b30356bab5b4ef4238525ce314ac8c007a37e14ab47206a
R1116.RPL,no_additional_violation_detected,1692,0,0,0,finish,LOLA,,,,,,,,b6d7c2066558ec2a9b30356bab5b4ef4238525ce314ac8c007a37e14ab47206a
R1117.RPL,no_additional_violation_detected,1892,0,0,0,finish,LOLA,,,,,,,,b6d7c2066558ec2a9b30356bab5b4ef4238525ce314ac8c007a37e14ab47206a
R1118.RPL,no_additional_violation_detected,1846,0,0,0,finish,LOLA,,,,,,,,b6d7c2066558ec2a9b30356bab5b4ef4238525ce314ac8c007a37e14ab47206a
R1119.RPL,no_additional_violation_detected,1713,0,0,0,finish,LOLA,,,,,,,,b6d7c2066558ec2a9b30356bab5b4ef4238525ce314ac8c007a37e14ab47206a
R1120.RPL,no_additional_violation_detected,1525,0,0,0,finish,PMIN,,,,,,,,bd69f0e0b6348928be24ad9df054b6ea6b0dceec5fa9682fcbc139cc0e5934b5
R1121.RPL,no_additional_violation_detected,1301,0,0,0,finish,PMIN,,,,,,,,bd69f0e0b6348928be24ad9df054b6ea6b0dceec5fa9682fcbc139cc0e5934b5
R1122.RPL,no_additional_violation_detected,1409,0,0,0,finish,PMIN,,,,,,,,bd69f0e0b6348928be24ad9df054b6ea6b0dceec5fa9682fcbc139cc0e5934b5
R1123.RPL,no_additional_violation_detected,1300,0,0,0,finish,PMIN,,,,,,,,bd69f0e0b6348928be24ad9df054b6ea6b0dceec5fa9682fcbc139cc0e5934b5
R1124.RPL,no_additional_violation_detected,1271,0,0,0,finish,PMIN,,,,,,,,bd69f0e0b6348928be24ad9df054b6ea6b0dceec5fa9682fcbc139cc0e5934b5
R1125.RPL,no_additional_violation_detected,1444,0,0,0,finish,PMIN,,,,,,,,bd69f0e0b6348928be24ad9df054b6ea6b0dceec5fa9682fcbc139cc0e5934b5
R1126.RPL,no_additional_violation_detected,1445,0,0,0,finish,PMIN,,,,,,,,bd69f0e0b6348928be24ad9df054b6ea6b0dceec5fa9682fcbc139cc0e5934b5
R1127.RPL,no_additional_violation_detected,1283,0,0,0,finish,PMIN,,,,,,,,bd69f0e0b6348928be24ad9df054b6ea6b0dceec5fa9682fcbc139cc0e5934b5
R1128.RPL,no_additional_violation_detected,1323,0,0,0,finish,PMIN,,,,,,,,bd69f0e0b6348928be24ad9df054b6ea6b0dceec5fa9682fcbc139cc0e5934b5
R1129.RPL,no_additional_violation_detected,1432,0,0,0,finish,PMIN,,,,,,,,bd69f0e0b6348928be24ad9df054b6ea6b0dceec5fa9682fcbc139cc0e5934b5
R1130.RPL,no_additional_violation_detected,1378,0,0,0,finish,PMIN,,,,,,,,bd69f0e0b6348928be24ad9df054b6ea6b0dceec5fa9682fcbc139cc0e5934b5
R1131.RPL,no_additional_violation_detected,1318,0,0,0,finish,PMIN,,,,,,,,bd69f0e0b6348928be24ad9df054b6ea6b0dceec5fa9682fcbc139cc0e5934b5
R1132.RPL,no_additional_violation_detected,1299,0,0,0,finish,PMIN,,,,,,,,bd69f0e0b6348928be24ad9df054b6ea6b0dceec5fa9682fcbc139cc0e5934b5
R1133.RPL,no_additional_violation_detected,1330,0,0,0,finish,PMIN,,,,,,,,bd69f0e0b6348928be24ad9df054b6ea6b0dceec5fa9682fcbc139cc0e5934b5
R1134.RPL,no_additional_violation_detected,1333,0,0,0,finish,PMIN,,,,,,,,bd69f0e0b6348928be24ad9df054b6ea6b0dceec5fa9682fcbc139cc0e5934b5
R1135.RPL,no_additional_violation_detected,1279,0,0,0,finish,PMIN,,,,,,,,bd69f0e0b6348928be24ad9df054b6ea6b0dceec5fa9682fcbc139cc0e5934b5
R1136.RPL,no_additional_violation_detected,1276,0,0,0,finish,PMIN,,,,,,,,bd69f0e0b6348928be24ad9df054b6ea6b0dceec5fa9682fcbc139cc0e5934b5
R1137.RPL,no_additional_violation_detected,1266,0,0,0,finish,PMIN,,,,,,,,bd69f0e0b6348928be24ad9df054b6ea6b0dceec5fa9682fcbc139cc0e5934b5
R1138.RPL,no_additional_violation_detected,2135,0,0,0,finish,ZF40,,,,,,,,a418b13ee681b6698cf44a80838dd84f92e522c07cb22b79c80309f745007bc8
R1139.RPL,no_additional_violation_detected,2008,0,0,0,finish,ZF40,,,,,,,,a418b13ee681b6698cf44a80838dd84f92e522c07cb22b79c80309f745007bc8
R1140.RPL,no_additional_violation_detected,1862,0,0,0,finish,ZF40,,,,,,,,a418b13ee681b6698cf44a80838dd84f92e522c07cb22b79c80309f745007bc8
R1141.RPL,no_additional_violation_detected,1998,0,0,0,finish,ZF40,,,,,,,,a418b13ee681b6698cf44a80838dd84f92e522c07cb22b79c80309f745007bc8
R1142.RPL,no_additional_violation_detected,1989,0,0,0,finish,ZF40,,,,,,,,a418b13ee681b6698cf44a80838dd84f92e522c07cb22b79c80309f745007bc8
R1143.RPL,no_additional_violation_detected,1857,0,0,0,finish,ZF40,,,,,,,,a418b13ee681b6698cf44a80838dd84f92e522c07cb22b79c80309f745007bc8
R1144.RPL,no_additional_violation_detected,1843,0,0,0,finish,ZF40,,,,,,,,a418b13ee681b6698cf44a80838dd84f92e522c07cb22b79c80309f745007bc8
R1145.RPL,no_additional_violation_detected,1836,0,0,0,finish,ZF40,,,,,,,,a418b13ee681b6698cf44a80838dd84f92e522c07cb22b79c80309f745007bc8
R1146.RPL,no_additional_violation_detected,1908,0,0,0,finish,ZF40,,,,,,,,a418b13ee681b6698cf44a80838dd84f92e522c07cb22b79c80309f745007bc8
R1147.RPL,no_additional_violation_detected,1939,0,0,0,finish,ZF40,,,,,,,,a418b13ee681b6698cf44a80838dd84f92e522c07cb22b79c80309f745007bc8
R1148.RPL,no_additional_violation_detected,1901,0,0,0,finish,ZF40,,,,,,,,a418b13ee681b6698cf44a80838dd84f92e522c07cb22b79c80309f745007bc8
R1149.RPL,no_additional_violation_detected,1823,0,0,0,finish,ZF40,,,,,,,,a418b13ee681b6698cf44a80838dd84f92e522c07cb22b79c80309f745007bc8
R1150.RPL,no_additional_violation_detected,1834,0,0,0,finish,ZF40,,,,,,,,a418b13ee681b6698cf44a80838dd84f92e522c07cb22b79c80309f745007bc8
R1151.RPL,no_additional_violation_detected,1819,0,0,0,finish,ZF40,,,,,,,,a418b13ee681b6698cf44a80838dd84f92e522c07cb22b79c80309f745007bc8
R1152.RPL,rejection_candidate,3721,3076,627,612,finish,ZMP4,612,1,0,0,35,1,no wheel on or above road,06fe3aa3a1798e00b4d3bf1f1064ab2bb8b7cb2d445119854893ece0be3966ec
R1153.RPL,rejection_candidate,3928,3281,636,623,finish,ZMP4,623,1,0,0,35,1,no wheel on or above road,06fe3aa3a1798e00b4d3bf1f1064ab2bb8b7cb2d445119854893ece0be3966ec
R1154.RPL,no_additional_violation_detected,3920,0,0,0,finish,ZMP4,,,,,,,,06fe3aa3a1798e00b4d3bf1f1064ab2bb8b7cb2d445119854893ece0be3966ec
R1155.RPL,rejection_candidate,3552,2936,600,587,finish,ZMP4,587,1,0,0,35,1,no wheel on or above road,06fe3aa3a1798e00b4d3bf1f1064ab2bb8b7cb2d445119854893ece0be3966ec
R1156.RPL,rejection_candidate,3708,3072,617,2413,finish,ZMP4,617,0,0,15,35,1,stunt route incomplete,06fe3aa3a1798e00b4d3bf1f1064ab2bb8b7cb2d445119854893ece0be3966ec
R1157.RPL,rejection_candidate,3517,2916,587,576,finish,ZMP4,576,1,0,0,35,1,no wheel on or above road,06fe3aa3a1798e00b4d3bf1f1064ab2bb8b7cb2d445119854893ece0be3966ec
R1158.RPL,rejection_candidate,3977,3337,626,613,finish,ZMP4,613,1,0,0,35,1,no wheel on or above road,06fe3aa3a1798e00b4d3bf1f1064ab2bb8b7cb2d445119854893ece0be3966ec
R1159.RPL,rejection_candidate,3968,3328,625,612,finish,ZMP4,612,1,0,0,35,1,no wheel on or above road,06fe3aa3a1798e00b4d3bf1f1064ab2bb8b7cb2d445119854893ece0be3966ec
R1160.RPL,rejection_candidate,3942,3307,618,605,finish,ZMP4,605,1,0,0,35,1,no wheel on or above road,06fe3aa3a1798e00b4d3bf1f1064ab2bb8b7cb2d445119854893ece0be3966ec
R1161.RPL,rejection_candidate,3887,3255,614,601,finish,ZMP4,601,1,0,0,35,1,no wheel on or above road,06fe3aa3a1798e00b4d3bf1f1064ab2bb8b7cb2d445119854893ece0be3966ec
R1162.RPL,rejection_candidate,3975,3328,636,622,finish,ZMP4,622,1,0,0,35,1,no wheel on or above road,06fe3aa3a1798e00b4d3bf1f1064ab2bb8b7cb2d445119854893ece0be3966ec
R1163.RPL,rejection_candidate,3509,2893,600,587,finish,ZMP4,587,1,0,0,35,1,no wheel on or above road,06fe3aa3a1798e00b4d3bf1f1064ab2bb8b7cb2d445119854893ece0be3966ec
R1164.RPL,no_additional_violation_detected,1988,0,0,0,finish,FW12,,,,,,,,b4aaa0aa4212b6b8362d57d4ba89123b07234709011be1c91926f2c28edd69d6
R1165.RPL,no_additional_violation_detected,2015,0,0,0,finish,FW12,,,,,,,,b4aaa0aa4212b6b8362d57d4ba89123b07234709011be1c91926f2c28edd69d6
R1166.RPL,no_additional_violation_detected,2186,0,0,0,finish,FW12,,,,,,,,b4aaa0aa4212b6b8362d57d4ba89123b07234709011be1c91926f2c28edd69d6
R1167.RPL,no_additional_violation_detected,2146,0,0,0,finish,FW12,,,,,,,,b4aaa0aa4212b6b8362d57d4ba89123b07234709011be1c91926f2c28edd69d6
R1168.RPL,no_additional_violation_detected,2157,0,0,0,finish,FW12,,,,,,,,b4aaa0aa4212b6b8362d57d4ba89123b07234709011be1c91926f2c28edd69d6
R1169.RPL,no_additional_violation_detected,2142,0,0,0,finish,FW12,,,,,,,,b4aaa0aa4212b6b8362d57d4ba89123b07234709011be1c91926f2c28edd69d6
R1170.RPL,no_additional_violation_detected,1943,0,0,0,finish,FW12,,,,,,,,b4aaa0aa4212b6b8362d57d4ba89123b07234709011be1c91926f2c28edd69d6
R1171.RPL,no_additional_violation_detected,1930,0,0,0,finish,FW12,,,,,,,,b4aaa0aa4212b6b8362d57d4ba89123b07234709011be1c91926f2c28edd69d6
R1172.RPL,no_additional_violation_detected,2134,0,0,0,finish,FW12,,,,,,,,b4aaa0aa4212b6b8362d57d4ba89123b07234709011be1c91926f2c28edd69d6
R1173.RPL,no_additional_violation_detected,2124,0,0,0,finish,FW12,,,,,,,,b4aaa0aa4212b6b8362d57d4ba89123b07234709011be1c91926f2c28edd69d6
R1174.RPL,rejection_candidate,2153,1,0,2033,finish,FW12,2033,1,0,0,-99,0,no wheel on or above road,b4aaa0aa4212b6b8362d57d4ba89123b07234709011be1c91926f2c28edd69d6
R1175.RPL,no_additional_violation_detected,2277,0,0,0,finish,FW12,,,,,,,,b4aaa0aa4212b6b8362d57d4ba89123b07234709011be1c91926f2c28edd69d6
R1176.RPL,no_additional_violation_detected,2269,0,0,0,finish,FW12,,,,,,,,b4aaa0aa4212b6b8362d57d4ba89123b07234709011be1c91926f2c28edd69d6
R1177.RPL,no_additional_violation_detected,2215,0,0,0,finish,FW12,,,,,,,,b4aaa0aa4212b6b8362d57d4ba89123b07234709011be1c91926f2c28edd69d6
R1178.RPL,no_additional_violation_detected,2113,0,0,0,finish,FW12,,,,,,,,b4aaa0aa4212b6b8362d57d4ba89123b07234709011be1c91926f2c28edd69d6
R1179.RPL,rejection_candidate,2073,1,1586,0,finish,FW12,1586,0,0,15,34,1,stunt route incomplete,b4aaa0aa4212b6b8362d57d4ba89123b07234709011be1c91926f2c28edd69d6
R1180.RPL,rejection_candidate,1925,3,0,1284,finish,FW12,1284,1,0,0,-99,0,no wheel on or above road,b4aaa0aa4212b6b8362d57d4ba89123b07234709011be1c91926f2c28edd69d6
R1181.RPL,no_additional_violation_detected,2056,0,0,0,finish,FW12,,,,,,,,b4aaa0aa4212b6b8362d57d4ba89123b07234709011be1c91926f2c28edd69d6
R1182.RPL,rejection_candidate,1878,2,1442,0,finish,FW12,1442,0,0,15,34,1,stunt route incomplete,b4aaa0aa4212b6b8362d57d4ba89123b07234709011be1c91926f2c28edd69d6
R1183.RPL,rejection_candidate,1229,4,0,589,finish,JAGU,589,1,0,0,31,2,no wheel on or above road,3c51c936b4d039499a2cabaf4f88d08c6b3e0d7e74860db3a815ba1111b03e8f
R1184.RPL,no_additional_violation_detected,1396,0,0,0,finish,JAGU,,,,,,,,3c51c936b4d039499a2cabaf4f88d08c6b3e0d7e74860db3a815ba1111b03e8f
R1185.RPL,no_additional_violation_detected,1346,0,0,0,finish,JAGU,,,,,,,,3c51c936b4d039499a2cabaf4f88d08c6b3e0d7e74860db3a815ba1111b03e8f
R1186.RPL,no_additional_violation_detected,1392,0,0,0,finish,JAGU,,,,,,,,3c51c936b4d039499a2cabaf4f88d08c6b3e0d7e74860db3a815ba1111b03e8f
R1187.RPL,no_additional_violation_detected,1539,0,0,0,finish,JAGU,,,,,,,,3c51c936b4d039499a2cabaf4f88d08c6b3e0d7e74860db3a815ba1111b03e8f
R1188.RPL,no_additional_violation_detected,1481,0,0,0,finish,JAGU,,,,,,,,3c51c936b4d039499a2cabaf4f88d08c6b3e0d7e74860db3a815ba1111b03e8f
R1189.RPL,no_additional_violation_detected,1479,0,0,0,finish,JAGU,,,,,,,,3c51c936b4d039499a2cabaf4f88d08c6b3e0d7e74860db3a815ba1111b03e8f
R1190.RPL,no_additional_violation_detected,1438,0,0,0,finish,JAGU,,,,,,,,3c51c936b4d039499a2cabaf4f88d08c6b3e0d7e74860db3a815ba1111b03e8f
R1191.RPL,no_additional_violation_detected,1425,0,0,0,finish,JAGU,,,,,,,,3c51c936b4d039499a2cabaf4f88d08c6b3e0d7e74860db3a815ba1111b03e8f
R1192.RPL,no_additional_violation_detected,1332,0,0,0,finish,JAGU,,,,,,,,3c51c936b4d039499a2cabaf4f88d08c6b3e0d7e74860db3a815ba1111b03e8f
R1193.RPL,no_additional_violation_detected,1377,0,0,0,finish,JAGU,,,,,,,,3c51c936b4d039499a2cabaf4f88d08c6b3e0d7e74860db3a815ba1111b03e8f
R1194.RPL,no_additional_violation_detected,1317,0,0,0,finish,JAGU,,,,,,,,3c51c936b4d039499a2cabaf4f88d08c6b3e0d7e74860db3a815ba1111b03e8f
R1195.RPL,no_additional_violation_detected,1339,0,0,0,finish,JAGU,,,,,,,,3c51c936b4d039499a2cabaf4f88d08c6b3e0d7e74860db3a815ba1111b03e8f
R1196.RPL,no_additional_violation_detected,1320,0,0,0,finish,JAGU,,,,,,,,3c51c936b4d039499a2cabaf4f88d08c6b3e0d7e74860db3a815ba1111b03e8f
R1197.RPL,no_additional_violation_detected,1313,0,0,0,finish,JAGU,,,,,,,,3c51c936b4d039499a2cabaf4f88d08c6b3e0d7e74860db3a815ba1111b03e8f
R1198.RPL,no_additional_violation_detected,1302,0,0,0,finish,JAGU,,,,,,,,3c51c936b4d039499a2cabaf4f88d08c6b3e0d7e74860db3a815ba1111b03e8f
R1199.RPL,rejection_candidate,1304,1,0,114,finish,JAGU,114,1,0,0,-99,0,no wheel on or above road,3c51c936b4d039499a2cabaf4f88d08c6b3e0d7e74860db3a815ba1111b03e8f
R1200.RPL,no_additional_violation_detected,1298,0,0,0,finish,JAGU,,,,,,,,3c51c936b4d039499a2cabaf4f88d08c6b3e0d7e74860db3a815ba1111b03e8f
R1201.RPL,no_additional_violation_detected,1290,0,0,0,finish,JAGU,,,,,,,,3c51c936b4d039499a2cabaf4f88d08c6b3e0d7e74860db3a815ba1111b03e8f
R1202.RPL,rejection_candidate,1212,5,401,115,finish,JAGU,115,1,0,0,-99,0,no wheel on or above road,3c51c936b4d039499a2cabaf4f88d08c6b3e0d7e74860db3a815ba1111b03e8f
R1203.RPL,no_additional_violation_detected,2128,0,0,0,finish,LOLA,,,,,,,,930ab4d5a5e5ec25474e6e607c2f71ec7282a60788024f83fd1524437ccbab24
R1204.RPL,no_additional_violation_detected,2153,0,0,0,finish,PNSK,,,,,,,,930ab4d5a5e5ec25474e6e607c2f71ec7282a60788024f83fd1524437ccbab24
R1205.RPL,no_additional_violation_detected,2361,0,0,0,finish,LOLA,,,,,,,,930ab4d5a5e5ec25474e6e607c2f71ec7282a60788024f83fd1524437ccbab24
R1206.RPL,no_additional_violation_detected,2253,0,0,0,finish,PNSK,,,,,,,,930ab4d5a5e5ec25474e6e607c2f71ec7282a60788024f83fd1524437ccbab24
R1207.RPL,no_additional_violation_detected,2378,0,0,0,finish,LOLA,,,,,,,,930ab4d5a5e5ec25474e6e607c2f71ec7282a60788024f83fd1524437ccbab24
R1208.RPL,no_additional_violation_detected,2147,0,0,0,finish,PNSK,,,,,,,,930ab4d5a5e5ec25474e6e607c2f71ec7282a60788024f83fd1524437ccbab24
R1209.RPL,no_additional_violation_detected,2215,0,0,0,finish,PNSK,,,,,,,,930ab4d5a5e5ec25474e6e607c2f71ec7282a60788024f83fd1524437ccbab24
R1210.RPL,no_additional_violation_detected,2211,0,0,0,finish,LOLA,,,,,,,,930ab4d5a5e5ec25474e6e607c2f71ec7282a60788024f83fd1524437ccbab24
R1211.RPL,no_additional_violation_detected,2037,0,0,0,finish,LOLA,,,,,,,,930ab4d5a5e5ec25474e6e607c2f71ec7282a60788024f83fd1524437ccbab24
R1212.RPL,no_additional_violation_detected,2016,0,0,0,finish,PNSK,,,,,,,,930ab4d5a5e5ec25474e6e607c2f71ec7282a60788024f83fd1524437ccbab24
R1213.RPL,rejection_candidate,2248,504,1725,0,finish,LOLA,1725,0,0,15,27,16,stunt route incomplete,930ab4d5a5e5ec25474e6e607c2f71ec7282a60788024f83fd1524437ccbab24
R1214.RPL,no_additional_violation_detected,2232,0,0,0,finish,LOLA,,,,,,,,930ab4d5a5e5ec25474e6e607c2f71ec7282a60788024f83fd1524437ccbab24
R1215.RPL,no_additional_violation_detected,2216,0,0,0,finish,LOLA,,,,,,,,930ab4d5a5e5ec25474e6e607c2f71ec7282a60788024f83fd1524437ccbab24
R1216.RPL,no_additional_violation_detected,2311,0,0,0,finish,LOLA,,,,,,,,930ab4d5a5e5ec25474e6e607c2f71ec7282a60788024f83fd1524437ccbab24
R1217.RPL,no_additional_violation_detected,2220,0,0,0,finish,PNSK,,,,,,,,930ab4d5a5e5ec25474e6e607c2f71ec7282a60788024f83fd1524437ccbab24
R1218.RPL,rejection_candidate,2076,157,1331,1303,finish,PNSK,1303,1,0,0,26,0,no wheel on or above road,930ab4d5a5e5ec25474e6e607c2f71ec7282a60788024f83fd1524437ccbab24
R1219.RPL,no_additional_violation_detected,2028,0,0,0,finish,LOLA,,,,,,,,930ab4d5a5e5ec25474e6e607c2f71ec7282a60788024f83fd1524437ccbab24
R1220.RPL,no_additional_violation_detected,1957,0,0,0,finish,PNSK,,,,,,,,930ab4d5a5e5ec25474e6e607c2f71ec7282a60788024f83fd1524437ccbab24
R1221.RPL,no_additional_violation_detected,1930,0,0,0,finish,LOLA,,,,,,,,930ab4d5a5e5ec25474e6e607c2f71ec7282a60788024f83fd1524437ccbab24
R1222.RPL,no_additional_violation_detected,2105,0,0,0,finish,PNSK,,,,,,,,930ab4d5a5e5ec25474e6e607c2f71ec7282a60788024f83fd1524437ccbab24
R1223.RPL,no_additional_violation_detected,2179,0,0,0,finish,LOLA,,,,,,,,930ab4d5a5e5ec25474e6e607c2f71ec7282a60788024f83fd1524437ccbab24
R1224.RPL,no_additional_violation_detected,2250,0,0,0,finish,CERV,,,,,,,,c97a6156ddf61ade7a56b723420216945debdc045279de40ac4f0a5a38f5109c
R1225.RPL,no_additional_violation_detected,2306,0,0,0,finish,XJ22,,,,,,,,c97a6156ddf61ade7a56b723420216945debdc045279de40ac4f0a5a38f5109c
R1226.RPL,no_additional_violation_detected,2342,0,0,0,finish,CERV,,,,,,,,c97a6156ddf61ade7a56b723420216945debdc045279de40ac4f0a5a38f5109c
R1227.RPL,no_additional_violation_detected,2357,0,0,0,finish,XJ22,,,,,,,,c97a6156ddf61ade7a56b723420216945debdc045279de40ac4f0a5a38f5109c
R1228.RPL,no_additional_violation_detected,2511,0,0,0,finish,CERV,,,,,,,,c97a6156ddf61ade7a56b723420216945debdc045279de40ac4f0a5a38f5109c
R1229.RPL,no_additional_violation_detected,2479,0,0,0,finish,CERV,,,,,,,,c97a6156ddf61ade7a56b723420216945debdc045279de40ac4f0a5a38f5109c
R1230.RPL,no_additional_violation_detected,2199,0,0,0,finish,XJ22,,,,,,,,c97a6156ddf61ade7a56b723420216945debdc045279de40ac4f0a5a38f5109c
R1231.RPL,no_additional_violation_detected,2129,0,0,0,finish,CERV,,,,,,,,c97a6156ddf61ade7a56b723420216945debdc045279de40ac4f0a5a38f5109c
R1232.RPL,no_additional_violation_detected,2463,0,0,0,finish,XJ22,,,,,,,,c97a6156ddf61ade7a56b723420216945debdc045279de40ac4f0a5a38f5109c
R1233.RPL,no_additional_violation_detected,2393,0,0,0,finish,CERV,,,,,,,,c97a6156ddf61ade7a56b723420216945debdc045279de40ac4f0a5a38f5109c
R1234.RPL,no_additional_violation_detected,2313,0,0,0,finish,CERV,,,,,,,,c97a6156ddf61ade7a56b723420216945debdc045279de40ac4f0a5a38f5109c
R1235.RPL,no_additional_violation_detected,2360,0,0,0,finish,CERV,,,,,,,,c97a6156ddf61ade7a56b723420216945debdc045279de40ac4f0a5a38f5109c
R1236.RPL,no_additional_violation_detected,2286,0,0,0,finish,CERV,,,,,,,,c97a6156ddf61ade7a56b723420216945debdc045279de40ac4f0a5a38f5109c
R1237.RPL,no_additional_violation_detected,2340,0,0,0,finish,XJ22,,,,,,,,c97a6156ddf61ade7a56b723420216945debdc045279de40ac4f0a5a38f5109c
R1238.RPL,rejection_candidate,2285,53,1289,1251,finish,CERV,1251,1,0,0,26,0,no wheel on or above road,c97a6156ddf61ade7a56b723420216945debdc045279de40ac4f0a5a38f5109c
R1239.RPL,no_additional_violation_detected,2400,0,0,0,finish,XJ22,,,,,,,,c97a6156ddf61ade7a56b723420216945debdc045279de40ac4f0a5a38f5109c
R1240.RPL,no_additional_violation_detected,2349,0,0,0,finish,XJ22,,,,,,,,c97a6156ddf61ade7a56b723420216945debdc045279de40ac4f0a5a38f5109c
R1241.RPL,no_additional_violation_detected,2164,0,0,0,finish,CERV,,,,,,,,c97a6156ddf61ade7a56b723420216945debdc045279de40ac4f0a5a38f5109c
R1242.RPL,rejection_candidate,2238,5,0,1769,finish,XJ22,1769,1,0,0,-99,0,no wheel on or above road,c97a6156ddf61ade7a56b723420216945debdc045279de40ac4f0a5a38f5109c
R1243.RPL,no_additional_violation_detected,2143,0,0,0,finish,CERV,,,,,,,,c97a6156ddf61ade7a56b723420216945debdc045279de40ac4f0a5a38f5109c
R1244.RPL,no_additional_violation_detected,2133,0,0,0,finish,CERV,,,,,,,,c97a6156ddf61ade7a56b723420216945debdc045279de40ac4f0a5a38f5109c
R1245.RPL,no_additional_violation_detected,2164,0,0,0,finish,XJ22,,,,,,,,c97a6156ddf61ade7a56b723420216945debdc045279de40ac4f0a5a38f5109c
R1246.RPL,no_additional_violation_detected,2286,0,0,0,finish,CERV,,,,,,,,c97a6156ddf61ade7a56b723420216945debdc045279de40ac4f0a5a38f5109c
R1247.RPL,no_additional_violation_detected,2303,0,0,0,finish,XJ22,,,,,,,,c97a6156ddf61ade7a56b723420216945debdc045279de40ac4f0a5a38f5109c
R1248.RPL,no_additional_violation_detected,2253,0,0,0,finish,CERV,,,,,,,,c97a6156ddf61ade7a56b723420216945debdc045279de40ac4f0a5a38f5109c
R1249.RPL,no_additional_violation_detected,2274,0,0,0,finish,XJ22,,,,,,,,c97a6156ddf61ade7a56b723420216945debdc045279de40ac4f0a5a38f5109c
R1250.RPL,no_additional_violation_detected,2125,0,0,0,finish,CERV,,,,,,,,c97a6156ddf61ade7a56b723420216945debdc045279de40ac4f0a5a38f5109c
R1251.RPL,rejection_candidate,1545,473,1060,1023,finish,SUKA,1023,1,0,0,26,3,no wheel on or above road,5ca96839cf1c9f05ff215f40357779ad71665667e7d8b3989b4e0ac0e1438245
R1252.RPL,no_additional_violation_detected,1430,0,0,0,finish,SUKA,,,,,,,,5ca96839cf1c9f05ff215f40357779ad71665667e7d8b3989b4e0ac0e1438245
R1253.RPL,no_additional_violation_detected,1419,0,0,0,finish,SUKA,,,,,,,,5ca96839cf1c9f05ff215f40357779ad71665667e7d8b3989b4e0ac0e1438245
R1254.RPL,no_additional_violation_detected,1543,0,0,0,finish,SUKA,,,,,,,,5ca96839cf1c9f05ff215f40357779ad71665667e7d8b3989b4e0ac0e1438245
R1255.RPL,no_additional_violation_detected,1504,0,0,0,finish,SUKA,,,,,,,,5ca96839cf1c9f05ff215f40357779ad71665667e7d8b3989b4e0ac0e1438245
R1256.RPL,no_additional_violation_detected,1523,0,0,0,finish,SUKA,,,,,,,,5ca96839cf1c9f05ff215f40357779ad71665667e7d8b3989b4e0ac0e1438245
R1257.RPL,rejection_candidate,1478,4,0,729,finish,SUKA,729,1,0,0,31,1,no wheel on or above road,5ca96839cf1c9f05ff215f40357779ad71665667e7d8b3989b4e0ac0e1438245
R1258.RPL,rejection_candidate,1404,2,0,688,finish,SUKA,688,1,0,0,31,1,no wheel on or above road,5ca96839cf1c9f05ff215f40357779ad71665667e7d8b3989b4e0ac0e1438245
R1259.RPL,no_additional_violation_detected,1537,0,0,0,finish,SUKA,,,,,,,,5ca96839cf1c9f05ff215f40357779ad71665667e7d8b3989b4e0ac0e1438245
R1260.RPL,rejection_candidate,1486,4,1451,735,finish,SUKA,735,1,0,0,31,1,no wheel on or above road,5ca96839cf1c9f05ff215f40357779ad71665667e7d8b3989b4e0ac0e1438245
R1261.RPL,rejection_candidate,1480,1,0,1135,finish,SUKA,1135,1,0,0,35,5,no wheel on or above road,5ca96839cf1c9f05ff215f40357779ad71665667e7d8b3989b4e0ac0e1438245
R1262.RPL,no_additional_violation_detected,1473,0,0,0,finish,SUKA,,,,,,,,5ca96839cf1c9f05ff215f40357779ad71665667e7d8b3989b4e0ac0e1438245
R1263.RPL,no_additional_violation_detected,1458,0,0,0,finish,SUKA,,,,,,,,5ca96839cf1c9f05ff215f40357779ad71665667e7d8b3989b4e0ac0e1438245
R1264.RPL,no_additional_violation_detected,1473,0,0,0,finish,SUKA,,,,,,,,5ca96839cf1c9f05ff215f40357779ad71665667e7d8b3989b4e0ac0e1438245
R1265.RPL,no_additional_violation_detected,1422,0,0,0,finish,SUKA,,,,,,,,5ca96839cf1c9f05ff215f40357779ad71665667e7d8b3989b4e0ac0e1438245
R1266.RPL,no_additional_violation_detected,1447,0,0,0,finish,SUKA,,,,,,,,5ca96839cf1c9f05ff215f40357779ad71665667e7d8b3989b4e0ac0e1438245
R1267.RPL,no_additional_violation_detected,1370,0,0,0,finish,SUKA,,,,,,,,5ca96839cf1c9f05ff215f40357779ad71665667e7d8b3989b4e0ac0e1438245
R1268.RPL,rejection_candidate,1367,1,0,1059,finish,SUKA,1059,1,0,0,35,5,no wheel on or above road,5ca96839cf1c9f05ff215f40357779ad71665667e7d8b3989b4e0ac0e1438245
R1269.RPL,rejection_candidate,1440,3,0,699,finish,SUKA,699,1,0,0,31,1,no wheel on or above road,5ca96839cf1c9f05ff215f40357779ad71665667e7d8b3989b4e0ac0e1438245
R1270.RPL,rejection_candidate,1367,2,0,655,finish,SUKA,655,1,0,0,31,1,no wheel on or above road,5ca96839cf1c9f05ff215f40357779ad71665667e7d8b3989b4e0ac0e1438245
R1271.RPL,rejection_candidate,1366,1,0,644,finish,SUKA,644,1,0,0,29,2,no wheel on or above road,5ca96839cf1c9f05ff215f40357779ad71665667e7d8b3989b4e0ac0e1438245
R1272.RPL,rejection_candidate,1365,2,0,1057,finish,SUKA,1057,1,0,0,35,5,no wheel on or above road,5ca96839cf1c9f05ff215f40357779ad71665667e7d8b3989b4e0ac0e1438245
R1273.RPL,rejection_candidate,1384,3,0,666,finish,SUKA,666,1,0,0,31,1,no wheel on or above road,5ca96839cf1c9f05ff215f40357779ad71665667e7d8b3989b4e0ac0e1438245
R1274.RPL,no_additional_violation_detected,1428,0,0,0,finish,SUKA,,,,,,,,5ca96839cf1c9f05ff215f40357779ad71665667e7d8b3989b4e0ac0e1438245
R1275.RPL,no_additional_violation_detected,1406,0,0,0,finish,SUKA,,,,,,,,5ca96839cf1c9f05ff215f40357779ad71665667e7d8b3989b4e0ac0e1438245
R1276.RPL,rejection_candidate,1371,3,0,660,finish,SUKA,660,1,0,0,31,1,no wheel on or above road,5ca96839cf1c9f05ff215f40357779ad71665667e7d8b3989b4e0ac0e1438245
R1277.RPL,rejection_candidate,1369,3,0,657,finish,SUKA,657,1,0,0,31,1,no wheel on or above road,5ca96839cf1c9f05ff215f40357779ad71665667e7d8b3989b4e0ac0e1438245
R1278.RPL,no_additional_violation_detected,1363,0,0,0,finish,SUKA,,,,,,,,5ca96839cf1c9f05ff215f40357779ad71665667e7d8b3989b4e0ac0e1438245
R1279.RPL,rejection_candidate,1368,3,0,656,finish,SUKA,656,1,0,0,31,1,no wheel on or above road,5ca96839cf1c9f05ff215f40357779ad71665667e7d8b3989b4e0ac0e1438245
R1280.RPL,rejection_candidate,1363,2,0,652,finish,SUKA,652,1,0,0,31,1,no wheel on or above road,5ca96839cf1c9f05ff215f40357779ad71665667e7d8b3989b4e0ac0e1438245
R1281.RPL,rejection_candidate,1917,4,0,1284,finish,XCFX,1284,1,0,0,-99,0,no wheel on or above road,75ed1ef4aa37181195f4c517508b670f1a498e370060384af8c5c38617f323db
R1282.RPL,no_additional_violation_detected,1834,0,0,0,finish,XCFX,,,,,,,,75ed1ef4aa37181195f4c517508b670f1a498e370060384af8c5c38617f323db
R1283.RPL,no_additional_violation_detected,1805,0,0,0,finish,XCFX,,,,,,,,75ed1ef4aa37181195f4c517508b670f1a498e370060384af8c5c38617f323db
R1284.RPL,no_additional_violation_detected,2048,0,0,0,finish,XCFX,,,,,,,,75ed1ef4aa37181195f4c517508b670f1a498e370060384af8c5c38617f323db
R1285.RPL,no_additional_violation_detected,1909,0,0,0,finish,XCFX,,,,,,,,75ed1ef4aa37181195f4c517508b670f1a498e370060384af8c5c38617f323db
R1286.RPL,no_additional_violation_detected,1936,0,0,0,finish,XCFX,,,,,,,,75ed1ef4aa37181195f4c517508b670f1a498e370060384af8c5c38617f323db
R1287.RPL,no_additional_violation_detected,1779,0,0,0,finish,XCFX,,,,,,,,75ed1ef4aa37181195f4c517508b670f1a498e370060384af8c5c38617f323db
R1288.RPL,no_additional_violation_detected,1940,0,0,0,finish,XCFX,,,,,,,,75ed1ef4aa37181195f4c517508b670f1a498e370060384af8c5c38617f323db
R1289.RPL,no_additional_violation_detected,1782,0,0,0,finish,XCFX,,,,,,,,75ed1ef4aa37181195f4c517508b670f1a498e370060384af8c5c38617f323db
R1290.RPL,no_additional_violation_detected,1841,0,0,0,finish,XCFX,,,,,,,,75ed1ef4aa37181195f4c517508b670f1a498e370060384af8c5c38617f323db
R1291.RPL,rejection_candidate,1825,2,0,1276,finish,XCFX,1276,1,0,0,-99,0,no wheel on or above road,75ed1ef4aa37181195f4c517508b670f1a498e370060384af8c5c38617f323db
R1292.RPL,no_additional_violation_detected,1704,0,0,0,finish,XCFX,,,,,,,,75ed1ef4aa37181195f4c517508b670f1a498e370060384af8c5c38617f323db
R1293.RPL,no_additional_violation_detected,1699,0,0,0,finish,XCFX,,,,,,,,75ed1ef4aa37181195f4c517508b670f1a498e370060384af8c5c38617f323db
R1294.RPL,no_additional_violation_detected,1812,0,0,0,finish,XCFX,,,,,,,,75ed1ef4aa37181195f4c517508b670f1a498e370060384af8c5c38617f323db
R1295.RPL,no_additional_violation_detected,1791,0,0,0,finish,XCFX,,,,,,,,75ed1ef4aa37181195f4c517508b670f1a498e370060384af8c5c38617f323db
R1296.RPL,no_additional_violation_detected,1780,0,0,0,finish,XCFX,,,,,,,,75ed1ef4aa37181195f4c517508b670f1a498e370060384af8c5c38617f323db
R1297.RPL,no_additional_violation_detected,1758,0,0,0,finish,XCFX,,,,,,,,75ed1ef4aa37181195f4c517508b670f1a498e370060384af8c5c38617f323db
R1298.RPL,rejection_candidate,1697,6,0,1163,finish,XCFX,1163,1,0,0,-99,0,no wheel on or above road,75ed1ef4aa37181195f4c517508b670f1a498e370060384af8c5c38617f323db
R1299.RPL,no_additional_violation_detected,2163,0,0,0,finish,BHEX,,,,,,,,12e7ae7e4e5a7fb4ba87d97a37ee01e6d7241d046ed5cca48e4cecd599c110e9
R1300.RPL,rejection_candidate,2140,1,1222,0,finish,BHEX,1222,0,0,15,34,2,stunt route incomplete,12e7ae7e4e5a7fb4ba87d97a37ee01e6d7241d046ed5cca48e4cecd599c110e9
R1301.RPL,rejection_candidate,2114,944,1157,835,finish,BHEX,835,1,0,0,-99,0,no wheel on or above road,12e7ae7e4e5a7fb4ba87d97a37ee01e6d7241d046ed5cca48e4cecd599c110e9
R1302.RPL,rejection_candidate,2196,896,1279,0,finish,BHEX,1279,0,0,15,34,1,stunt route incomplete,12e7ae7e4e5a7fb4ba87d97a37ee01e6d7241d046ed5cca48e4cecd599c110e9
R1303.RPL,no_additional_violation_detected,2132,0,0,0,finish,BHEX,,,,,,,,12e7ae7e4e5a7fb4ba87d97a37ee01e6d7241d046ed5cca48e4cecd599c110e9
R1304.RPL,rejection_candidate,2294,2,1331,0,finish,BHEX,1331,0,0,15,34,1,stunt route incomplete,12e7ae7e4e5a7fb4ba87d97a37ee01e6d7241d046ed5cca48e4cecd599c110e9
R1305.RPL,rejection_candidate,2056,1,1216,0,finish,BHEX,1216,0,0,15,34,1,stunt route incomplete,12e7ae7e4e5a7fb4ba87d97a37ee01e6d7241d046ed5cca48e4cecd599c110e9
R1306.RPL,rejection_candidate,2286,940,1320,0,finish,BHEX,1320,0,0,15,34,1,stunt route incomplete,12e7ae7e4e5a7fb4ba87d97a37ee01e6d7241d046ed5cca48e4cecd599c110e9
R1307.RPL,no_additional_violation_detected,2193,0,0,0,finish,BHEX,,,,,,,,12e7ae7e4e5a7fb4ba87d97a37ee01e6d7241d046ed5cca48e4cecd599c110e9
R1308.RPL,rejection_candidate,2109,1,1231,0,finish,BHEX,1231,0,0,15,34,1,stunt route incomplete,12e7ae7e4e5a7fb4ba87d97a37ee01e6d7241d046ed5cca48e4cecd599c110e9
R1309.RPL,rejection_candidate,2151,1,1245,0,finish,BHEX,1245,0,0,15,34,2,stunt route incomplete,12e7ae7e4e5a7fb4ba87d97a37ee01e6d7241d046ed5cca48e4cecd599c110e9
R1310.RPL,rejection_candidate,2115,1,1220,0,finish,BHEX,1220,0,0,15,34,1,stunt route incomplete,12e7ae7e4e5a7fb4ba87d97a37ee01e6d7241d046ed5cca48e4cecd599c110e9
R1311.RPL,no_additional_violation_detected,2067,0,0,0,finish,BHEX,,,,,,,,12e7ae7e4e5a7fb4ba87d97a37ee01e6d7241d046ed5cca48e4cecd599c110e9
R1312.RPL,rejection_candidate,2071,850,1202,930,finish,BHEX,930,1,0,0,31,2,no wheel on or above road,12e7ae7e4e5a7fb4ba87d97a37ee01e6d7241d046ed5cca48e4cecd599c110e9
R1313.RPL,rejection_candidate,1922,773,1124,0,finish,BHEX,1124,0,0,15,34,1,stunt route incomplete,12e7ae7e4e5a7fb4ba87d97a37ee01e6d7241d046ed5cca48e4cecd599c110e9
R1314.RPL,rejection_candidate,2143,946,1169,0,finish,BHEX,1169,0,0,15,34,0,stunt route incomplete,12e7ae7e4e5a7fb4ba87d97a37ee01e6d7241d046ed5cca48e4cecd599c110e9
R1315.RPL,no_additional_violation_detected,2121,0,0,0,finish,BHEX,,,,,,,,12e7ae7e4e5a7fb4ba87d97a37ee01e6d7241d046ed5cca48e4cecd599c110e9
R1316.RPL,rejection_candidate,1990,820,1157,835,finish,BHEX,835,1,0,0,-99,0,no wheel on or above road,12e7ae7e4e5a7fb4ba87d97a37ee01e6d7241d046ed5cca48e4cecd599c110e9
R1317.RPL,rejection_candidate,1963,2,1139,894,finish,BHEX,894,1,0,0,31,2,no wheel on or above road,12e7ae7e4e5a7fb4ba87d97a37ee01e6d7241d046ed5cca48e4cecd599c110e9
R1318.RPL,rejection_candidate,1927,2,0,880,finish,BHEX,880,1,0,0,31,2,no wheel on or above road,12e7ae7e4e5a7fb4ba87d97a37ee01e6d7241d046ed5cca48e4cecd599c110e9
R1319.RPL,rejection_candidate,2356,1923,410,0,finish,NSKY,410,0,0,15,34,1,stunt route incomplete,916ba2a5b9e23bca96b7c94576c098daf52864f8b6393432e4a6b07905aecb9d
R1320.RPL,rejection_candidate,2438,525,407,0,finish,NSKY,407,0,0,15,34,0,stunt route incomplete,916ba2a5b9e23bca96b7c94576c098daf52864f8b6393432e4a6b07905aecb9d
R1321.RPL,no_additional_violation_detected,2308,0,0,0,finish,NSKY,,,,,,,,916ba2a5b9e23bca96b7c94576c098daf52864f8b6393432e4a6b07905aecb9d
R1322.RPL,rejection_candidate,2385,532,400,0,finish,NSKY,400,0,0,15,34,0,stunt route incomplete,916ba2a5b9e23bca96b7c94576c098daf52864f8b6393432e4a6b07905aecb9d
R1323.RPL,no_additional_violation_detected,2372,0,0,0,finish,NSKY,,,,,,,,916ba2a5b9e23bca96b7c94576c098daf52864f8b6393432e4a6b07905aecb9d
R1324.RPL,rejection_candidate,2377,1929,424,0,finish,NSKY,424,0,0,15,34,1,stunt route incomplete,916ba2a5b9e23bca96b7c94576c098daf52864f8b6393432e4a6b07905aecb9d
R1325.RPL,no_additional_violation_detected,2510,0,0,0,finish,NSKY,,,,,,,,916ba2a5b9e23bca96b7c94576c098daf52864f8b6393432e4a6b07905aecb9d
R1326.RPL,rejection_candidate,2270,1850,398,250,finish,NSKY,250,1,0,0,35,5,no wheel on or above road,916ba2a5b9e23bca96b7c94576c098daf52864f8b6393432e4a6b07905aecb9d
R1327.RPL,no_additional_violation_detected,2264,0,0,0,finish,NSKY,,,,,,,,916ba2a5b9e23bca96b7c94576c098daf52864f8b6393432e4a6b07905aecb9d
R1328.RPL,rejection_candidate,2252,1824,404,0,finish,NSKY,404,0,0,15,34,1,stunt route incomplete,916ba2a5b9e23bca96b7c94576c098daf52864f8b6393432e4a6b07905aecb9d
R1329.RPL,rejection_candidate,2301,1868,410,0,finish,NSKY,410,0,0,15,34,1,stunt route incomplete,916ba2a5b9e23bca96b7c94576c098daf52864f8b6393432e4a6b07905aecb9d
R1330.RPL,rejection_candidate,2275,495,398,0,finish,NSKY,398,0,0,15,34,0,stunt route incomplete,916ba2a5b9e23bca96b7c94576c098daf52864f8b6393432e4a6b07905aecb9d
R1331.RPL,rejection_candidate,2268,504,395,0,finish,NSKY,395,0,0,15,34,0,stunt route incomplete,916ba2a5b9e23bca96b7c94576c098daf52864f8b6393432e4a6b07905aecb9d
R1332.RPL,rejection_candidate,2256,480,395,0,finish,NSKY,395,0,0,15,34,0,stunt route incomplete,916ba2a5b9e23bca96b7c94576c098daf52864f8b6393432e4a6b07905aecb9d
R1333.RPL,rejection_candidate,2238,1813,403,252,finish,NSKY,252,1,0,0,35,5,no wheel on or above road,916ba2a5b9e23bca96b7c94576c098daf52864f8b6393432e4a6b07905aecb9d
R1334.RPL,rejection_candidate,2175,1755,397,0,finish,NSKY,397,0,0,15,34,1,stunt route incomplete,916ba2a5b9e23bca96b7c94576c098daf52864f8b6393432e4a6b07905aecb9d
R1335.RPL,rejection_candidate,2607,2343,251,226,finish,NSKY,226,1,0,0,35,1,no wheel on or above road,916ba2a5b9e23bca96b7c94576c098daf52864f8b6393432e4a6b07905aecb9d
R1336.RPL,rejection_candidate,2119,6,403,665,finish,NSKY,403,0,0,15,34,1,stunt route incomplete,916ba2a5b9e23bca96b7c94576c098daf52864f8b6393432e4a6b07905aecb9d
R1337.RPL,rejection_candidate,2310,503,394,0,finish,NSKY,394,0,0,15,34,0,stunt route incomplete,916ba2a5b9e23bca96b7c94576c098daf52864f8b6393432e4a6b07905aecb9d
R1338.RPL,rejection_candidate,2195,1768,403,0,finish,NSKY,403,0,0,15,34,1,stunt route incomplete,916ba2a5b9e23bca96b7c94576c098daf52864f8b6393432e4a6b07905aecb9d
R1339.RPL,no_additional_violation_detected,2237,0,0,0,finish,NSKY,,,,,,,,916ba2a5b9e23bca96b7c94576c098daf52864f8b6393432e4a6b07905aecb9d
R1340.RPL,rejection_candidate,2085,1671,391,0,finish,NSKY,391,0,0,15,34,1,stunt route incomplete,916ba2a5b9e23bca96b7c94576c098daf52864f8b6393432e4a6b07905aecb9d
R1341.RPL,rejection_candidate,2257,1833,401,0,finish,NSKY,401,0,0,15,34,1,stunt route incomplete,916ba2a5b9e23bca96b7c94576c098daf52864f8b6393432e4a6b07905aecb9d
R1342.RPL,no_additional_violation_detected,3037,0,0,0,finish,ZGT3,,,,,,,,cffd65191772a7fef8e5eaa9665ecf4f6c221c262f1658a616a40ec1262d5aa3
R1343.RPL,no_additional_violation_detected,3423,0,0,0,finish,ZGT3,,,,,,,,cffd65191772a7fef8e5eaa9665ecf4f6c221c262f1658a616a40ec1262d5aa3
R1344.RPL,rejection_candidate,4624,3300,1317,1293,finish,ZGT3,1293,1,0,0,35,1,no wheel on or above road,cffd65191772a7fef8e5eaa9665ecf4f6c221c262f1658a616a40ec1262d5aa3
R1345.RPL,no_additional_violation_detected,3685,0,0,0,finish,ZGT3,,,,,,,,cffd65191772a7fef8e5eaa9665ecf4f6c221c262f1658a616a40ec1262d5aa3
R1346.RPL,no_additional_violation_detected,4234,0,0,0,finish,ZGT3,,,,,,,,cffd65191772a7fef8e5eaa9665ecf4f6c221c262f1658a616a40ec1262d5aa3
R1347.RPL,no_additional_violation_detected,3957,0,0,0,finish,ZGT3,,,,,,,,cffd65191772a7fef8e5eaa9665ecf4f6c221c262f1658a616a40ec1262d5aa3
R1348.RPL,rejection_candidate,4139,10,0,1349,finish,ZGT3,1349,1,0,0,-99,0,no wheel on or above road,cffd65191772a7fef8e5eaa9665ecf4f6c221c262f1658a616a40ec1262d5aa3
R1349.RPL,no_additional_violation_detected,3833,0,0,0,finish,ZGT3,,,,,,,,cffd65191772a7fef8e5eaa9665ecf4f6c221c262f1658a616a40ec1262d5aa3
R1350.RPL,rejection_candidate,3799,1,2732,0,finish,ZGT3,2732,0,0,15,34,1,stunt route incomplete,cffd65191772a7fef8e5eaa9665ecf4f6c221c262f1658a616a40ec1262d5aa3
R1351.RPL,no_additional_violation_detected,3776,0,0,0,finish,ZGT3,,,,,,,,cffd65191772a7fef8e5eaa9665ecf4f6c221c262f1658a616a40ec1262d5aa3
R1352.RPL,no_additional_violation_detected,3738,0,0,0,finish,ZGT3,,,,,,,,cffd65191772a7fef8e5eaa9665ecf4f6c221c262f1658a616a40ec1262d5aa3
R1353.RPL,no_additional_violation_detected,3695,0,0,0,finish,ZGT3,,,,,,,,cffd65191772a7fef8e5eaa9665ecf4f6c221c262f1658a616a40ec1262d5aa3
R1354.RPL,rejection_candidate,4580,8,0,1540,finish,ZGT3,1540,1,0,0,-99,0,no wheel on or above road,cffd65191772a7fef8e5eaa9665ecf4f6c221c262f1658a616a40ec1262d5aa3
R1355.RPL,no_additional_violation_detected,3692,0,0,0,finish,ZGT3,,,,,,,,cffd65191772a7fef8e5eaa9665ecf4f6c221c262f1658a616a40ec1262d5aa3
R1356.RPL,rejection_candidate,3651,2,2660,2817,finish,ZGT3,2660,0,0,15,34,1,stunt route incomplete,cffd65191772a7fef8e5eaa9665ecf4f6c221c262f1658a616a40ec1262d5aa3
R1357.RPL,no_additional_violation_detected,3701,0,0,0,finish,ZGT3,,,,,,,,cffd65191772a7fef8e5eaa9665ecf4f6c221c262f1658a616a40ec1262d5aa3
R1358.RPL,rejection_candidate,3612,187,2652,2604,finish,ZGT3,2604,1,0,0,26,0,no wheel on or above road,cffd65191772a7fef8e5eaa9665ecf4f6c221c262f1658a616a40ec1262d5aa3
R1359.RPL,rejection_candidate,3055,2,0,911,finish,ZGT3,911,1,0,0,35,5,no wheel on or above road,cffd65191772a7fef8e5eaa9665ecf4f6c221c262f1658a616a40ec1262d5aa3
R1360.RPL,rejection_candidate,3030,2,0,911,finish,ZGT3,911,1,0,0,35,5,no wheel on or above road,cffd65191772a7fef8e5eaa9665ecf4f6c221c262f1658a616a40ec1262d5aa3
R1361.RPL,no_additional_violation_detected,3566,0,0,0,finish,ZGT3,,,,,,,,cffd65191772a7fef8e5eaa9665ecf4f6c221c262f1658a616a40ec1262d5aa3
R1362.RPL,rejection_candidate,2980,121,2843,911,finish,ZGT3,911,1,0,0,35,5,no wheel on or above road,cffd65191772a7fef8e5eaa9665ecf4f6c221c262f1658a616a40ec1262d5aa3
R1363.RPL,no_additional_violation_detected,1703,0,0,0,finish,TCTO,,,,,,,,f77c0b37e18cd27a8aced32403a71577d9a8e7b2a55dbf058f6142b5fa61bed9
R1364.RPL,no_additional_violation_detected,1551,0,0,0,finish,TCTO,,,,,,,,f77c0b37e18cd27a8aced32403a71577d9a8e7b2a55dbf058f6142b5fa61bed9
R1365.RPL,no_additional_violation_detected,1580,0,0,0,finish,TCTO,,,,,,,,f77c0b37e18cd27a8aced32403a71577d9a8e7b2a55dbf058f6142b5fa61bed9
R1366.RPL,no_additional_violation_detected,1585,0,0,0,finish,TCTO,,,,,,,,f77c0b37e18cd27a8aced32403a71577d9a8e7b2a55dbf058f6142b5fa61bed9
R1367.RPL,no_additional_violation_detected,1627,0,0,0,finish,TCTO,,,,,,,,f77c0b37e18cd27a8aced32403a71577d9a8e7b2a55dbf058f6142b5fa61bed9
R1368.RPL,rejection_candidate,1591,1,0,590,finish,TCTO,590,1,0,0,-99,0,no wheel on or above road,f77c0b37e18cd27a8aced32403a71577d9a8e7b2a55dbf058f6142b5fa61bed9
R1369.RPL,no_additional_violation_detected,1606,0,0,0,finish,TCTO,,,,,,,,f77c0b37e18cd27a8aced32403a71577d9a8e7b2a55dbf058f6142b5fa61bed9
R1370.RPL,no_additional_violation_detected,1638,0,0,0,finish,TCTO,,,,,,,,f77c0b37e18cd27a8aced32403a71577d9a8e7b2a55dbf058f6142b5fa61bed9
R1371.RPL,no_additional_violation_detected,1560,0,0,0,finish,TCTO,,,,,,,,f77c0b37e18cd27a8aced32403a71577d9a8e7b2a55dbf058f6142b5fa61bed9
R1372.RPL,no_additional_violation_detected,1544,0,0,0,finish,TCTO,,,,,,,,f77c0b37e18cd27a8aced32403a71577d9a8e7b2a55dbf058f6142b5fa61bed9
R1373.RPL,no_additional_violation_detected,1539,0,0,0,finish,TCTO,,,,,,,,f77c0b37e18cd27a8aced32403a71577d9a8e7b2a55dbf058f6142b5fa61bed9
R1374.RPL,no_additional_violation_detected,1616,0,0,0,finish,TCTO,,,,,,,,f77c0b37e18cd27a8aced32403a71577d9a8e7b2a55dbf058f6142b5fa61bed9
R1375.RPL,no_additional_violation_detected,1438,0,0,0,finish,TCTO,,,,,,,,f77c0b37e18cd27a8aced32403a71577d9a8e7b2a55dbf058f6142b5fa61bed9
R1376.RPL,no_additional_violation_detected,2821,0,0,0,finish,CDOR,,,,,,,,2d36b50f41aff5b191d31a5c5de29db699beda3aa314014d41f01457fd2cfea1
R1377.RPL,no_additional_violation_detected,2712,0,0,0,finish,CDOR,,,,,,,,2d36b50f41aff5b191d31a5c5de29db699beda3aa314014d41f01457fd2cfea1
R1378.RPL,no_additional_violation_detected,2726,0,0,0,finish,CDOR,,,,,,,,2d36b50f41aff5b191d31a5c5de29db699beda3aa314014d41f01457fd2cfea1
R1379.RPL,no_additional_violation_detected,2546,0,0,0,finish,ZPFT,,,,,,,,2d36b50f41aff5b191d31a5c5de29db699beda3aa314014d41f01457fd2cfea1
R1380.RPL,no_additional_violation_detected,2688,0,0,0,finish,CDOR,,,,,,,,2d36b50f41aff5b191d31a5c5de29db699beda3aa314014d41f01457fd2cfea1
R1381.RPL,no_additional_violation_detected,2671,0,0,0,finish,ZPFT,,,,,,,,2d36b50f41aff5b191d31a5c5de29db699beda3aa314014d41f01457fd2cfea1
R1382.RPL,no_additional_violation_detected,3094,0,0,0,finish,CDOR,,,,,,,,2d36b50f41aff5b191d31a5c5de29db699beda3aa314014d41f01457fd2cfea1
R1383.RPL,no_additional_violation_detected,2681,0,0,0,finish,CDOR,,,,,,,,2d36b50f41aff5b191d31a5c5de29db699beda3aa314014d41f01457fd2cfea1
R1384.RPL,no_additional_violation_detected,3011,0,0,0,finish,CDOR,,,,,,,,2d36b50f41aff5b191d31a5c5de29db699beda3aa314014d41f01457fd2cfea1
R1385.RPL,no_additional_violation_detected,2978,0,0,0,finish,ZPFT,,,,,,,,2d36b50f41aff5b191d31a5c5de29db699beda3aa314014d41f01457fd2cfea1
R1386.RPL,no_additional_violation_detected,3106,0,0,0,finish,ZPFT,,,,,,,,2d36b50f41aff5b191d31a5c5de29db699beda3aa314014d41f01457fd2cfea1
R1387.RPL,no_additional_violation_detected,3029,0,0,0,finish,CDOR,,,,,,,,2d36b50f41aff5b191d31a5c5de29db699beda3aa314014d41f01457fd2cfea1
R1388.RPL,no_additional_violation_detected,2543,0,0,0,finish,ZPFT,,,,,,,,2d36b50f41aff5b191d31a5c5de29db699beda3aa314014d41f01457fd2cfea1
R1389.RPL,no_additional_violation_detected,2459,0,0,0,finish,ZPFT,,,,,,,,2d36b50f41aff5b191d31a5c5de29db699beda3aa314014d41f01457fd2cfea1
R1390.RPL,no_additional_violation_detected,2389,0,0,0,finish,CDOR,,,,,,,,2d36b50f41aff5b191d31a5c5de29db699beda3aa314014d41f01457fd2cfea1
R1391.RPL,no_additional_violation_detected,2690,0,0,0,finish,CDOR,,,,,,,,2d36b50f41aff5b191d31a5c5de29db699beda3aa314014d41f01457fd2cfea1
R1392.RPL,no_additional_violation_detected,2532,0,0,0,finish,CDOR,,,,,,,,2d36b50f41aff5b191d31a5c5de29db699beda3aa314014d41f01457fd2cfea1
R1393.RPL,no_additional_violation_detected,2444,0,0,0,finish,CDOR,,,,,,,,2d36b50f41aff5b191d31a5c5de29db699beda3aa314014d41f01457fd2cfea1
R1394.RPL,no_additional_violation_detected,2676,0,0,0,finish,ZPFT,,,,,,,,2d36b50f41aff5b191d31a5c5de29db699beda3aa314014d41f01457fd2cfea1
R1395.RPL,no_additional_violation_detected,7622,0,0,0,finish,DAUD,,,,,,,,5c7c73c90f90e94617e1a92f5923127827f292dcdb33068759cb427e262a2e24
R1396.RPL,rejection_candidate,6967,5508,1019,971,finish,DMCB,971,1,0,0,-99,0,no wheel on or above road,5c7c73c90f90e94617e1a92f5923127827f292dcdb33068759cb427e262a2e24
R1397.RPL,rejection_candidate,6810,1843,3256,632,finish,DMCB,632,1,0,0,-99,0,no wheel on or above road,5c7c73c90f90e94617e1a92f5923127827f292dcdb33068759cb427e262a2e24
R1398.RPL,rejection_candidate,6526,5550,957,968,finish,DBMW,957,0,0,15,27,5,stunt route incomplete,5c7c73c90f90e94617e1a92f5923127827f292dcdb33068759cb427e262a2e24
R1399.RPL,rejection_candidate,6500,5514,974,292,finish,DBMW,292,1,0,0,-99,0,no wheel on or above road,5c7c73c90f90e94617e1a92f5923127827f292dcdb33068759cb427e262a2e24
R1400.RPL,rejection_candidate,7160,5618,1037,945,finish,DBMW,945,1,0,0,-99,0,no wheel on or above road,5c7c73c90f90e94617e1a92f5923127827f292dcdb33068759cb427e262a2e24
R1401.RPL,rejection_candidate,6267,4159,272,251,finish,DAUD,251,1,0,0,-99,0,no wheel on or above road,5c7c73c90f90e94617e1a92f5923127827f292dcdb33068759cb427e262a2e24
R1402.RPL,rejection_candidate,6843,5433,1004,948,finish,DMCB,948,1,0,0,-99,0,no wheel on or above road,5c7c73c90f90e94617e1a92f5923127827f292dcdb33068759cb427e262a2e24
R1403.RPL,rejection_candidate,6746,5330,998,942,finish,DBMW,942,1,0,0,-99,0,no wheel on or above road,5c7c73c90f90e94617e1a92f5923127827f292dcdb33068759cb427e262a2e24
R1404.RPL,rejection_candidate,6790,5376,932,920,finish,DAUD,920,1,0,0,-99,0,no wheel on or above road,5c7c73c90f90e94617e1a92f5923127827f292dcdb33068759cb427e262a2e24
R1405.RPL,rejection_candidate,6762,5369,987,937,finish,DMCB,937,1,0,0,-99,0,no wheel on or above road,5c7c73c90f90e94617e1a92f5923127827f292dcdb33068759cb427e262a2e24
R1406.RPL,rejection_candidate,6125,4118,851,285,finish,DMCB,285,1,0,0,-99,0,no wheel on or above road,5c7c73c90f90e94617e1a92f5923127827f292dcdb33068759cb427e262a2e24
R1407.RPL,rejection_candidate,6046,5090,955,285,finish,DBMW,285,1,0,0,-99,0,no wheel on or above road,5c7c73c90f90e94617e1a92f5923127827f292dcdb33068759cb427e262a2e24
R1408.RPL,rejection_candidate,5996,5040,955,285,finish,DBMW,285,1,0,0,-99,0,no wheel on or above road,5c7c73c90f90e94617e1a92f5923127827f292dcdb33068759cb427e262a2e24
R1409.RPL,rejection_candidate,6445,3345,3091,3072,finish,DMCB,3072,1,0,0,33,2,no wheel on or above road,5c7c73c90f90e94617e1a92f5923127827f292dcdb33068759cb427e262a2e24
R1410.RPL,rejection_candidate,5782,4833,932,899,finish,DAUD,899,1,0,0,-99,0,no wheel on or above road,5c7c73c90f90e94617e1a92f5923127827f292dcdb33068759cb427e262a2e24
R1411.RPL,rejection_candidate,5558,4624,915,923,finish,DMCB,915,0,0,15,27,6,stunt route incomplete,5c7c73c90f90e94617e1a92f5923127827f292dcdb33068759cb427e262a2e24
R1412.RPL,rejection_candidate,6134,4737,958,921,finish,DMCB,921,1,0,0,-99,0,no wheel on or above road,5c7c73c90f90e94617e1a92f5923127827f292dcdb33068759cb427e262a2e24
R1413.RPL,rejection_candidate,5999,5048,943,932,finish,DMCB,932,1,0,0,27,8,no wheel on or above road,5c7c73c90f90e94617e1a92f5923127827f292dcdb33068759cb427e262a2e24
R1414.RPL,rejection_candidate,5832,4881,943,932,finish,DMCB,932,1,0,0,27,8,no wheel on or above road,5c7c73c90f90e94617e1a92f5923127827f292dcdb33068759cb427e262a2e24
R1415.RPL,rejection_candidate,5768,4817,943,932,finish,DMCB,932,1,0,0,27,8,no wheel on or above road,5c7c73c90f90e94617e1a92f5923127827f292dcdb33068759cb427e262a2e24
R1416.RPL,rejection_candidate,5848,4883,952,946,finish,DAUD,946,1,0,0,27,7,no wheel on or above road,5c7c73c90f90e94617e1a92f5923127827f292dcdb33068759cb427e262a2e24
R1417.RPL,rejection_candidate,6568,5580,976,969,finish,DAUD,969,1,0,0,27,7,no wheel on or above road,5c7c73c90f90e94617e1a92f5923127827f292dcdb33068759cb427e262a2e24
R1418.RPL,no_additional_violation_detected,2915,0,0,0,finish,50FT,,,,,,,,4c33a89afee571a0b00d172478b922be458f1c58207996939858de016e5034a3
R1419.RPL,rejection_candidate,2939,1800,1165,1098,finish,50CI,1098,1,0,0,-99,0,no wheel on or above road,4c33a89afee571a0b00d172478b922be458f1c58207996939858de016e5034a3
R1420.RPL,no_additional_violation_detected,2770,0,0,0,finish,50PF,,,,,,,,4c33a89afee571a0b00d172478b922be458f1c58207996939858de016e5034a3
R1421.RPL,no_additional_violation_detected,2777,0,0,0,finish,50CI,,,,,,,,4c33a89afee571a0b00d172478b922be458f1c58207996939858de016e5034a3
R1422.RPL,no_additional_violation_detected,2832,0,0,0,finish,50PF,,,,,,,,4c33a89afee571a0b00d172478b922be458f1c58207996939858de016e5034a3
R1423.RPL,no_additional_violation_detected,2855,0,0,0,finish,50CI,,,,,,,,4c33a89afee571a0b00d172478b922be458f1c58207996939858de016e5034a3
R1424.RPL,no_additional_violation_detected,2941,0,0,0,finish,50PF,,,,,,,,4c33a89afee571a0b00d172478b922be458f1c58207996939858de016e5034a3
R1425.RPL,no_additional_violation_detected,2937,0,0,0,finish,50CI,,,,,,,,4c33a89afee571a0b00d172478b922be458f1c58207996939858de016e5034a3
R1426.RPL,no_additional_violation_detected,2930,0,0,0,finish,50FT,,,,,,,,4c33a89afee571a0b00d172478b922be458f1c58207996939858de016e5034a3
R1427.RPL,no_additional_violation_detected,2827,0,0,0,finish,50PF,,,,,,,,4c33a89afee571a0b00d172478b922be458f1c58207996939858de016e5034a3
R1428.RPL,no_additional_violation_detected,2888,0,0,0,finish,50CI,,,,,,,,4c33a89afee571a0b00d172478b922be458f1c58207996939858de016e5034a3
R1429.RPL,no_additional_violation_detected,2825,0,0,0,finish,50CI,,,,,,,,4c33a89afee571a0b00d172478b922be458f1c58207996939858de016e5034a3
R1430.RPL,no_additional_violation_detected,2778,0,0,0,finish,50CI,,,,,,,,4c33a89afee571a0b00d172478b922be458f1c58207996939858de016e5034a3
R1431.RPL,no_additional_violation_detected,2751,0,0,0,finish,50CI,,,,,,,,4c33a89afee571a0b00d172478b922be458f1c58207996939858de016e5034a3
R1432.RPL,no_additional_violation_detected,3111,0,0,0,finish,50CI,,,,,,,,4c33a89afee571a0b00d172478b922be458f1c58207996939858de016e5034a3
R1433.RPL,no_additional_violation_detected,2801,0,0,0,finish,50FT,,,,,,,,4c33a89afee571a0b00d172478b922be458f1c58207996939858de016e5034a3
R1434.RPL,rejection_candidate,2637,6,0,1365,finish,50PF,1365,1,0,0,-99,0,no wheel on or above road,4c33a89afee571a0b00d172478b922be458f1c58207996939858de016e5034a3
R1435.RPL,rejection_candidate,2491,1452,1003,2397,finish,50CI,1003,0,0,15,34,0,stunt route incomplete,4c33a89afee571a0b00d172478b922be458f1c58207996939858de016e5034a3
R1436.RPL,rejection_candidate,2482,2,0,2389,finish,50FT,2389,1,0,0,35,5,no wheel on or above road,4c33a89afee571a0b00d172478b922be458f1c58207996939858de016e5034a3
R1437.RPL,no_additional_violation_detected,2515,0,0,0,finish,50FT,,,,,,,,4c33a89afee571a0b00d172478b922be458f1c58207996939858de016e5034a3
R1438.RPL,no_additional_violation_detected,2617,0,0,0,finish,50CI,,,,,,,,4c33a89afee571a0b00d172478b922be458f1c58207996939858de016e5034a3
R1439.RPL,no_additional_violation_detected,2601,0,0,0,finish,50CI,,,,,,,,4c33a89afee571a0b00d172478b922be458f1c58207996939858de016e5034a3
R1440.RPL,no_additional_violation_detected,2675,0,0,0,finish,50PF,,,,,,,,4c33a89afee571a0b00d172478b922be458f1c58207996939858de016e5034a3
R1441.RPL,no_additional_violation_detected,2640,0,0,0,finish,50FT,,,,,,,,4c33a89afee571a0b00d172478b922be458f1c58207996939858de016e5034a3
R1442.RPL,no_additional_violation_detected,2625,0,0,0,finish,50CI,,,,,,,,4c33a89afee571a0b00d172478b922be458f1c58207996939858de016e5034a3
R1443.RPL,no_additional_violation_detected,2711,0,0,0,finish,50CI,,,,,,,,4c33a89afee571a0b00d172478b922be458f1c58207996939858de016e5034a3
R1444.RPL,no_additional_violation_detected,2583,0,0,0,finish,50CI,,,,,,,,4c33a89afee571a0b00d172478b922be458f1c58207996939858de016e5034a3
R1445.RPL,rejection_candidate,3275,2409,790,0,finish,BPAY,790,0,0,15,28,0,stunt route incomplete,a8db2f0c3ef6a7f9d907ffdc8ff9249885c77e2993fc97e86108d6cb896652a4
R1446.RPL,rejection_candidate,2550,1864,625,1764,finish,CDOR,625,0,0,15,28,0,stunt route incomplete,a8db2f0c3ef6a7f9d907ffdc8ff9249885c77e2993fc97e86108d6cb896652a4
R1447.RPL,rejection_candidate,2737,2023,651,0,finish,CDOR,651,0,0,15,28,0,stunt route incomplete,a8db2f0c3ef6a7f9d907ffdc8ff9249885c77e2993fc97e86108d6cb896652a4
R1448.RPL,rejection_candidate,3175,2302,799,0,finish,BPAY,799,0,0,15,28,0,stunt route incomplete,a8db2f0c3ef6a7f9d907ffdc8ff9249885c77e2993fc97e86108d6cb896652a4
R1449.RPL,rejection_candidate,2853,2089,701,2001,finish,CDOR,701,0,0,15,28,0,stunt route incomplete,a8db2f0c3ef6a7f9d907ffdc8ff9249885c77e2993fc97e86108d6cb896652a4
R1450.RPL,rejection_candidate,2406,1742,612,1671,finish,CDOR,612,0,0,15,28,0,stunt route incomplete,a8db2f0c3ef6a7f9d907ffdc8ff9249885c77e2993fc97e86108d6cb896652a4
R1451.RPL,rejection_candidate,2994,2154,775,2147,finish,BPAY,775,0,0,15,28,0,stunt route incomplete,a8db2f0c3ef6a7f9d907ffdc8ff9249885c77e2993fc97e86108d6cb896652a4
R1452.RPL,rejection_candidate,3153,2277,800,2244,finish,BPAY,800,0,0,15,28,0,stunt route incomplete,a8db2f0c3ef6a7f9d907ffdc8ff9249885c77e2993fc97e86108d6cb896652a4
R1453.RPL,rejection_candidate,3074,2212,789,0,finish,BPAY,789,0,0,15,28,0,stunt route incomplete,a8db2f0c3ef6a7f9d907ffdc8ff9249885c77e2993fc97e86108d6cb896652a4
R1454.RPL,rejection_candidate,2540,1839,648,0,finish,CDOR,648,0,0,15,28,0,stunt route incomplete,a8db2f0c3ef6a7f9d907ffdc8ff9249885c77e2993fc97e86108d6cb896652a4
R1455.RPL,rejection_candidate,2707,1957,681,1891,finish,CDOR,681,0,0,15,28,0,stunt route incomplete,a8db2f0c3ef6a7f9d907ffdc8ff9249885c77e2993fc97e86108d6cb896652a4
R1456.RPL,rejection_candidate,2554,1844,655,1783,finish,CDOR,655,0,0,15,28,0,stunt route incomplete,a8db2f0c3ef6a7f9d907ffdc8ff9249885c77e2993fc97e86108d6cb896652a4
R1457.RPL,no_additional_violation_detected,2999,0,0,0,finish,CDOR,,,,,,,,a8db2f0c3ef6a7f9d907ffdc8ff9249885c77e2993fc97e86108d6cb896652a4
R1458.RPL,rejection_candidate,2669,1934,676,0,finish,CDOR,676,0,0,15,28,0,stunt route incomplete,a8db2f0c3ef6a7f9d907ffdc8ff9249885c77e2993fc97e86108d6cb896652a4
R1459.RPL,no_additional_violation_detected,2915,0,0,0,finish,CDOR,,,,,,,,a8db2f0c3ef6a7f9d907ffdc8ff9249885c77e2993fc97e86108d6cb896652a4
R1460.RPL,rejection_candidate,2665,1941,657,0,finish,CDOR,657,0,0,15,28,0,stunt route incomplete,a8db2f0c3ef6a7f9d907ffdc8ff9249885c77e2993fc97e86108d6cb896652a4
R1461.RPL,rejection_candidate,3334,2413,844,0,finish,BPAY,844,0,0,15,28,0,stunt route incomplete,a8db2f0c3ef6a7f9d907ffdc8ff9249885c77e2993fc97e86108d6cb896652a4
R1462.RPL,rejection_candidate,3160,2363,724,0,finish,CDOR,724,0,0,15,28,0,stunt route incomplete,a8db2f0c3ef6a7f9d907ffdc8ff9249885c77e2993fc97e86108d6cb896652a4
R1463.RPL,rejection_candidate,2347,1677,618,1517,finish,CDOR,618,0,0,15,28,0,stunt route incomplete,a8db2f0c3ef6a7f9d907ffdc8ff9249885c77e2993fc97e86108d6cb896652a4
R1464.RPL,rejection_candidate,2601,1892,642,1799,finish,CDOR,642,0,0,15,28,0,stunt route incomplete,a8db2f0c3ef6a7f9d907ffdc8ff9249885c77e2993fc97e86108d6cb896652a4
R1465.RPL,rejection_candidate,3206,2332,796,2261,finish,BPAY,796,0,0,15,28,0,stunt route incomplete,a8db2f0c3ef6a7f9d907ffdc8ff9249885c77e2993fc97e86108d6cb896652a4
R1466.RPL,rejection_candidate,2404,1727,624,1677,finish,CDOR,624,0,0,15,28,0,stunt route incomplete,a8db2f0c3ef6a7f9d907ffdc8ff9249885c77e2993fc97e86108d6cb896652a4
R1467.RPL,rejection_candidate,2572,1877,630,1771,finish,CDOR,630,0,0,15,28,0,stunt route incomplete,a8db2f0c3ef6a7f9d907ffdc8ff9249885c77e2993fc97e86108d6cb896652a4
R1468.RPL,rejection_candidate,2972,2134,773,0,finish,BPAY,773,0,0,15,28,0,stunt route incomplete,a8db2f0c3ef6a7f9d907ffdc8ff9249885c77e2993fc97e86108d6cb896652a4
R1469.RPL,rejection_candidate,2403,1739,611,0,finish,CDOR,611,0,0,15,28,0,stunt route incomplete,a8db2f0c3ef6a7f9d907ffdc8ff9249885c77e2993fc97e86108d6cb896652a4
R1470.RPL,rejection_candidate,2447,1767,627,1698,finish,CDOR,627,0,0,15,28,0,stunt route incomplete,a8db2f0c3ef6a7f9d907ffdc8ff9249885c77e2993fc97e86108d6cb896652a4
R1471.RPL,no_additional_violation_detected,3135,0,0,0,finish,FETR,,,,,,,,e6ff29ad7d81ab5acd6f12fac31b1deca73dfbe68537b863a3e51595599397de
R1472.RPL,no_additional_violation_detected,3314,0,0,0,finish,FETR,,,,,,,,e6ff29ad7d81ab5acd6f12fac31b1deca73dfbe68537b863a3e51595599397de
R1473.RPL,no_additional_violation_detected,3191,0,0,0,finish,FETR,,,,,,,,e6ff29ad7d81ab5acd6f12fac31b1deca73dfbe68537b863a3e51595599397de
R1474.RPL,no_additional_violation_detected,3056,0,0,0,finish,FETR,,,,,,,,e6ff29ad7d81ab5acd6f12fac31b1deca73dfbe68537b863a3e51595599397de
R1475.RPL,no_additional_violation_detected,3413,0,0,0,finish,FETR,,,,,,,,e6ff29ad7d81ab5acd6f12fac31b1deca73dfbe68537b863a3e51595599397de
R1476.RPL,no_additional_violation_detected,3339,0,0,0,finish,FETR,,,,,,,,e6ff29ad7d81ab5acd6f12fac31b1deca73dfbe68537b863a3e51595599397de
R1477.RPL,no_additional_violation_detected,2894,0,0,0,finish,FETR,,,,,,,,e6ff29ad7d81ab5acd6f12fac31b1deca73dfbe68537b863a3e51595599397de
R1478.RPL,no_additional_violation_detected,3401,0,0,0,finish,FETR,,,,,,,,e6ff29ad7d81ab5acd6f12fac31b1deca73dfbe68537b863a3e51595599397de
R1479.RPL,no_additional_violation_detected,3350,0,0,0,finish,FETR,,,,,,,,e6ff29ad7d81ab5acd6f12fac31b1deca73dfbe68537b863a3e51595599397de
R1480.RPL,no_additional_violation_detected,3558,0,0,0,finish,FETR,,,,,,,,e6ff29ad7d81ab5acd6f12fac31b1deca73dfbe68537b863a3e51595599397de
R1481.RPL,no_additional_violation_detected,3287,0,0,0,finish,FETR,,,,,,,,e6ff29ad7d81ab5acd6f12fac31b1deca73dfbe68537b863a3e51595599397de
R1482.RPL,no_additional_violation_detected,3316,0,0,0,finish,FETR,,,,,,,,e6ff29ad7d81ab5acd6f12fac31b1deca73dfbe68537b863a3e51595599397de
R1483.RPL,no_additional_violation_detected,3326,0,0,0,finish,FETR,,,,,,,,e6ff29ad7d81ab5acd6f12fac31b1deca73dfbe68537b863a3e51595599397de
R1484.RPL,rejection_candidate,3176,1,0,2521,finish,FETR,2521,1,0,0,-99,0,no wheel on or above road,e6ff29ad7d81ab5acd6f12fac31b1deca73dfbe68537b863a3e51595599397de
R1485.RPL,no_additional_violation_detected,3141,0,0,0,finish,FETR,,,,,,,,e6ff29ad7d81ab5acd6f12fac31b1deca73dfbe68537b863a3e51595599397de
R1486.RPL,no_additional_violation_detected,3101,0,0,0,finish,FETR,,,,,,,,e6ff29ad7d81ab5acd6f12fac31b1deca73dfbe68537b863a3e51595599397de
R1487.RPL,no_additional_violation_detected,3309,0,0,0,finish,FETR,,,,,,,,e6ff29ad7d81ab5acd6f12fac31b1deca73dfbe68537b863a3e51595599397de
R1488.RPL,no_additional_violation_detected,3043,0,0,0,finish,FETR,,,,,,,,e6ff29ad7d81ab5acd6f12fac31b1deca73dfbe68537b863a3e51595599397de
R1489.RPL,no_additional_violation_detected,3048,0,0,0,finish,FETR,,,,,,,,e6ff29ad7d81ab5acd6f12fac31b1deca73dfbe68537b863a3e51595599397de
R1490.RPL,no_additional_violation_detected,2970,0,0,0,finish,FETR,,,,,,,,e6ff29ad7d81ab5acd6f12fac31b1deca73dfbe68537b863a3e51595599397de
R1491.RPL,no_additional_violation_detected,3024,0,0,0,finish,FETR,,,,,,,,e6ff29ad7d81ab5acd6f12fac31b1deca73dfbe68537b863a3e51595599397de
R1492.RPL,no_additional_violation_detected,2995,0,0,0,finish,FETR,,,,,,,,e6ff29ad7d81ab5acd6f12fac31b1deca73dfbe68537b863a3e51595599397de
R1493.RPL,no_additional_violation_detected,2406,0,0,0,finish,CERV,,,,,,,,1d266149433ddb8ba7f6b13d9500d9b4f49ecfc688bb3cc7a5221c928107a820
R1494.RPL,no_additional_violation_detected,2533,0,0,0,finish,CERV,,,,,,,,1d266149433ddb8ba7f6b13d9500d9b4f49ecfc688bb3cc7a5221c928107a820
R1495.RPL,rejection_candidate,2500,2,0,729,finish,CERV,729,1,0,0,-99,0,no wheel on or above road,1d266149433ddb8ba7f6b13d9500d9b4f49ecfc688bb3cc7a5221c928107a820
R1496.RPL,no_additional_violation_detected,2624,0,0,0,finish,CERV,,,,,,,,1d266149433ddb8ba7f6b13d9500d9b4f49ecfc688bb3cc7a5221c928107a820
R1497.RPL,no_additional_violation_detected,2253,0,0,0,finish,CERV,,,,,,,,1d266149433ddb8ba7f6b13d9500d9b4f49ecfc688bb3cc7a5221c928107a820
R1498.RPL,no_additional_violation_detected,2449,0,0,0,finish,CERV,,,,,,,,1d266149433ddb8ba7f6b13d9500d9b4f49ecfc688bb3cc7a5221c928107a820
R1499.RPL,no_additional_violation_detected,2384,0,0,0,finish,CERV,,,,,,,,1d266149433ddb8ba7f6b13d9500d9b4f49ecfc688bb3cc7a5221c928107a820
R1500.RPL,no_additional_violation_detected,2649,0,0,0,finish,CERV,,,,,,,,1d266149433ddb8ba7f6b13d9500d9b4f49ecfc688bb3cc7a5221c928107a820
R1501.RPL,no_additional_violation_detected,2575,0,0,0,finish,CERV,,,,,,,,1d266149433ddb8ba7f6b13d9500d9b4f49ecfc688bb3cc7a5221c928107a820
R1502.RPL,rejection_candidate,2610,1,0,905,finish,CERV,905,1,0,0,-99,0,no wheel on or above road,1d266149433ddb8ba7f6b13d9500d9b4f49ecfc688bb3cc7a5221c928107a820
R1503.RPL,no_additional_violation_detected,2439,0,0,0,finish,CERV,,,,,,,,1d266149433ddb8ba7f6b13d9500d9b4f49ecfc688bb3cc7a5221c928107a820
R1504.RPL,no_additional_violation_detected,2661,0,0,0,finish,CERV,,,,,,,,1d266149433ddb8ba7f6b13d9500d9b4f49ecfc688bb3cc7a5221c928107a820
R1505.RPL,no_additional_violation_detected,2381,0,0,0,finish,CERV,,,,,,,,1d266149433ddb8ba7f6b13d9500d9b4f49ecfc688bb3cc7a5221c928107a820
R1506.RPL,no_additional_violation_detected,2150,0,0,0,finish,CERV,,,,,,,,1d266149433ddb8ba7f6b13d9500d9b4f49ecfc688bb3cc7a5221c928107a820
R1507.RPL,no_additional_violation_detected,2279,0,0,0,finish,CERV,,,,,,,,1d266149433ddb8ba7f6b13d9500d9b4f49ecfc688bb3cc7a5221c928107a820
R1508.RPL,no_additional_violation_detected,2271,0,0,0,finish,CERV,,,,,,,,1d266149433ddb8ba7f6b13d9500d9b4f49ecfc688bb3cc7a5221c928107a820
R1509.RPL,no_additional_violation_detected,2363,0,0,0,finish,CERV,,,,,,,,1d266149433ddb8ba7f6b13d9500d9b4f49ecfc688bb3cc7a5221c928107a820
R1510.RPL,no_additional_violation_detected,2300,0,0,0,finish,ZF40,,,,,,,,ffd9a78c2311260d8fe542d10e576b4ab1f5bdf01e146cebd12185ecd3026ebd
R1511.RPL,no_additional_violation_detected,2402,0,0,0,finish,ZF40,,,,,,,,ffd9a78c2311260d8fe542d10e576b4ab1f5bdf01e146cebd12185ecd3026ebd
R1512.RPL,no_additional_violation_detected,2306,0,0,0,finish,ZF40,,,,,,,,ffd9a78c2311260d8fe542d10e576b4ab1f5bdf01e146cebd12185ecd3026ebd
R1513.RPL,no_additional_violation_detected,1990,0,0,0,finish,ZF40,,,,,,,,ffd9a78c2311260d8fe542d10e576b4ab1f5bdf01e146cebd12185ecd3026ebd
R1514.RPL,rejection_candidate,1889,5,0,1100,finish,ZF40,1100,1,0,0,-99,0,no wheel on or above road,ffd9a78c2311260d8fe542d10e576b4ab1f5bdf01e146cebd12185ecd3026ebd
R1515.RPL,no_additional_violation_detected,2148,0,0,0,finish,ZF40,,,,,,,,ffd9a78c2311260d8fe542d10e576b4ab1f5bdf01e146cebd12185ecd3026ebd
R1516.RPL,rejection_candidate,2035,1,0,1957,finish,ZF40,1957,1,0,0,31,2,no wheel on or above road,ffd9a78c2311260d8fe542d10e576b4ab1f5bdf01e146cebd12185ecd3026ebd
R1517.RPL,rejection_candidate,2023,1,0,1134,finish,ZF40,1134,1,0,0,-99,0,no wheel on or above road,ffd9a78c2311260d8fe542d10e576b4ab1f5bdf01e146cebd12185ecd3026ebd
R1518.RPL,no_additional_violation_detected,2336,0,0,0,finish,ZF40,,,,,,,,ffd9a78c2311260d8fe542d10e576b4ab1f5bdf01e146cebd12185ecd3026ebd
R1519.RPL,no_additional_violation_detected,2235,0,0,0,finish,ZF40,,,,,,,,ffd9a78c2311260d8fe542d10e576b4ab1f5bdf01e146cebd12185ecd3026ebd
R1520.RPL,rejection_candidate,1936,535,1383,1355,finish,ZF40,1355,1,0,0,26,1,no wheel on or above road,ffd9a78c2311260d8fe542d10e576b4ab1f5bdf01e146cebd12185ecd3026ebd
R1521.RPL,no_additional_violation_detected,2142,0,0,0,finish,ZF40,,,,,,,,ffd9a78c2311260d8fe542d10e576b4ab1f5bdf01e146cebd12185ecd3026ebd
R1522.RPL,no_additional_violation_detected,2114,0,0,0,finish,ZF40,,,,,,,,ffd9a78c2311260d8fe542d10e576b4ab1f5bdf01e146cebd12185ecd3026ebd
R1523.RPL,no_additional_violation_detected,2092,0,0,0,finish,ZF40,,,,,,,,ffd9a78c2311260d8fe542d10e576b4ab1f5bdf01e146cebd12185ecd3026ebd
R1524.RPL,rejection_candidate,1777,14,0,1075,finish,ZF40,1075,1,0,0,-99,0,no wheel on or above road,ffd9a78c2311260d8fe542d10e576b4ab1f5bdf01e146cebd12185ecd3026ebd
R1525.RPL,no_additional_violation_detected,2112,0,0,0,finish,ZF40,,,,,,,,ffd9a78c2311260d8fe542d10e576b4ab1f5bdf01e146cebd12185ecd3026ebd
R1526.RPL,no_additional_violation_detected,1989,0,0,0,finish,ZF40,,,,,,,,ffd9a78c2311260d8fe542d10e576b4ab1f5bdf01e146cebd12185ecd3026ebd
R1527.RPL,no_additional_violation_detected,2088,0,0,0,finish,ZF40,,,,,,,,ffd9a78c2311260d8fe542d10e576b4ab1f5bdf01e146cebd12185ecd3026ebd
R1528.RPL,no_additional_violation_detected,2013,0,0,0,finish,ZF40,,,,,,,,ffd9a78c2311260d8fe542d10e576b4ab1f5bdf01e146cebd12185ecd3026ebd
R1529.RPL,rejection_candidate,1992,2,0,1136,finish,ZF40,1136,1,0,0,-99,0,no wheel on or above road,ffd9a78c2311260d8fe542d10e576b4ab1f5bdf01e146cebd12185ecd3026ebd
R1530.RPL,rejection_candidate,1976,13,0,1202,finish,ZF40,1202,1,0,0,-99,0,no wheel on or above road,ffd9a78c2311260d8fe542d10e576b4ab1f5bdf01e146cebd12185ecd3026ebd
R1531.RPL,no_additional_violation_detected,1971,0,0,0,finish,ZF40,,,,,,,,ffd9a78c2311260d8fe542d10e576b4ab1f5bdf01e146cebd12185ecd3026ebd
R1532.RPL,rejection_candidate,1946,1,0,1869,finish,ZF40,1869,1,0,0,31,2,no wheel on or above road,ffd9a78c2311260d8fe542d10e576b4ab1f5bdf01e146cebd12185ecd3026ebd
R1533.RPL,rejection_candidate,2143,4,0,1742,finish,ZF40,1742,1,0,0,-99,0,no wheel on or above road,ffd9a78c2311260d8fe542d10e576b4ab1f5bdf01e146cebd12185ecd3026ebd
R1534.RPL,rejection_candidate,1850,1,0,1768,finish,ZF40,1768,1,0,0,31,2,no wheel on or above road,ffd9a78c2311260d8fe542d10e576b4ab1f5bdf01e146cebd12185ecd3026ebd
R1535.RPL,no_additional_violation_detected,2017,0,0,0,finish,ZF40,,,,,,,,ffd9a78c2311260d8fe542d10e576b4ab1f5bdf01e146cebd12185ecd3026ebd
R1536.RPL,no_additional_violation_detected,1984,0,0,0,finish,ZF40,,,,,,,,ffd9a78c2311260d8fe542d10e576b4ab1f5bdf01e146cebd12185ecd3026ebd
R1537.RPL,no_additional_violation_detected,1761,0,0,0,finish,JAGU,,,,,,,,b8a4f06648aa80341ebccd6013c914de7a238f5b48cd624622ccc950362bfac1
R1538.RPL,no_additional_violation_detected,1751,0,0,0,finish,P962,,,,,,,,b8a4f06648aa80341ebccd6013c914de7a238f5b48cd624622ccc950362bfac1
R1539.RPL,no_additional_violation_detected,1799,0,0,0,finish,P962,,,,,,,,b8a4f06648aa80341ebccd6013c914de7a238f5b48cd624622ccc950362bfac1
R1540.RPL,no_additional_violation_detected,1785,0,0,0,finish,P962,,,,,,,,b8a4f06648aa80341ebccd6013c914de7a238f5b48cd624622ccc950362bfac1
R1541.RPL,rejection_candidate,1705,196,1422,0,finish,P962,1422,0,0,15,34,0,stunt route incomplete,b8a4f06648aa80341ebccd6013c914de7a238f5b48cd624622ccc950362bfac1
R1542.RPL,no_additional_violation_detected,1782,0,0,0,finish,P962,,,,,,,,b8a4f06648aa80341ebccd6013c914de7a238f5b48cd624622ccc950362bfac1
R1543.RPL,rejection_candidate,1872,1,0,1814,finish,JAGU,1814,1,0,0,-99,0,no wheel on or above road,b8a4f06648aa80341ebccd6013c914de7a238f5b48cd624622ccc950362bfac1
R1544.RPL,no_additional_violation_detected,1805,0,0,0,finish,P962,,,,,,,,b8a4f06648aa80341ebccd6013c914de7a238f5b48cd624622ccc950362bfac1
R1545.RPL,no_additional_violation_detected,1759,0,0,0,finish,P962,,,,,,,,b8a4f06648aa80341ebccd6013c914de7a238f5b48cd624622ccc950362bfac1
R1546.RPL,no_additional_violation_detected,1742,0,0,0,finish,P962,,,,,,,,b8a4f06648aa80341ebccd6013c914de7a238f5b48cd624622ccc950362bfac1
R1547.RPL,no_additional_violation_detected,1895,0,0,0,finish,JAGU,,,,,,,,b8a4f06648aa80341ebccd6013c914de7a238f5b48cd624622ccc950362bfac1
R1548.RPL,no_additional_violation_detected,1797,0,0,0,finish,P962,,,,,,,,b8a4f06648aa80341ebccd6013c914de7a238f5b48cd624622ccc950362bfac1
R1549.RPL,no_additional_violation_detected,1852,0,0,0,finish,P962,,,,,,,,b8a4f06648aa80341ebccd6013c914de7a238f5b48cd624622ccc950362bfac1
R1550.RPL,rejection_candidate,1561,784,746,0,finish,JAGU,746,0,0,15,34,0,stunt route incomplete,b8a4f06648aa80341ebccd6013c914de7a238f5b48cd624622ccc950362bfac1
R1551.RPL,rejection_candidate,1792,3,0,558,finish,JAGU,558,1,0,0,31,1,no wheel on or above road,b8a4f06648aa80341ebccd6013c914de7a238f5b48cd624622ccc950362bfac1
R1552.RPL,rejection_candidate,1636,4,0,182,finish,P962,182,1,0,0,31,1,no wheel on or above road,b8a4f06648aa80341ebccd6013c914de7a238f5b48cd624622ccc950362bfac1
R1553.RPL,rejection_candidate,1528,774,722,0,finish,P962,722,0,0,15,34,0,stunt route incomplete,b8a4f06648aa80341ebccd6013c914de7a238f5b48cd624622ccc950362bfac1
R1554.RPL,rejection_candidate,1725,2,0,541,finish,P962,541,1,0,0,31,2,no wheel on or above road,b8a4f06648aa80341ebccd6013c914de7a238f5b48cd624622ccc950362bfac1
R1555.RPL,no_additional_violation_detected,2410,0,0,0,finish,LANC,,,,,,,,547d20d27ac9bbd1de892937af9ca79b4c9dbf003180159b246732df9e34fa17
R1556.RPL,no_additional_violation_detected,2385,0,0,0,finish,LANC,,,,,,,,547d20d27ac9bbd1de892937af9ca79b4c9dbf003180159b246732df9e34fa17
R1557.RPL,no_additional_violation_detected,2398,0,0,0,finish,LANC,,,,,,,,547d20d27ac9bbd1de892937af9ca79b4c9dbf003180159b246732df9e34fa17
R1558.RPL,no_additional_violation_detected,2333,0,0,0,finish,LANC,,,,,,,,547d20d27ac9bbd1de892937af9ca79b4c9dbf003180159b246732df9e34fa17
R1559.RPL,no_additional_violation_detected,2354,0,0,0,finish,LANC,,,,,,,,547d20d27ac9bbd1de892937af9ca79b4c9dbf003180159b246732df9e34fa17
R1560.RPL,no_additional_violation_detected,2219,0,0,0,finish,LANC,,,,,,,,547d20d27ac9bbd1de892937af9ca79b4c9dbf003180159b246732df9e34fa17
R1561.RPL,rejection_candidate,2091,2,0,1950,finish,LANC,1950,1,0,0,-99,0,no wheel on or above road,547d20d27ac9bbd1de892937af9ca79b4c9dbf003180159b246732df9e34fa17
R1562.RPL,no_additional_violation_detected,2367,0,0,0,finish,LANC,,,,,,,,547d20d27ac9bbd1de892937af9ca79b4c9dbf003180159b246732df9e34fa17
R1563.RPL,no_additional_violation_detected,2323,0,0,0,finish,LANC,,,,,,,,547d20d27ac9bbd1de892937af9ca79b4c9dbf003180159b246732df9e34fa17
R1564.RPL,no_additional_violation_detected,2312,0,0,0,finish,LANC,,,,,,,,547d20d27ac9bbd1de892937af9ca79b4c9dbf003180159b246732df9e34fa17
R1565.RPL,no_additional_violation_detected,2566,0,0,0,finish,LANC,,,,,,,,547d20d27ac9bbd1de892937af9ca79b4c9dbf003180159b246732df9e34fa17
R1566.RPL,no_additional_violation_detected,2496,0,0,0,finish,LANC,,,,,,,,547d20d27ac9bbd1de892937af9ca79b4c9dbf003180159b246732df9e34fa17
R1567.RPL,no_additional_violation_detected,2296,0,0,0,finish,LANC,,,,,,,,547d20d27ac9bbd1de892937af9ca79b4c9dbf003180159b246732df9e34fa17
R1568.RPL,no_additional_violation_detected,2482,0,0,0,finish,LANC,,,,,,,,547d20d27ac9bbd1de892937af9ca79b4c9dbf003180159b246732df9e34fa17
R1569.RPL,no_additional_violation_detected,2313,0,0,0,finish,LANC,,,,,,,,547d20d27ac9bbd1de892937af9ca79b4c9dbf003180159b246732df9e34fa17
R1570.RPL,no_additional_violation_detected,2195,0,0,0,finish,LANC,,,,,,,,547d20d27ac9bbd1de892937af9ca79b4c9dbf003180159b246732df9e34fa17
R1571.RPL,no_additional_violation_detected,2501,0,0,0,finish,LANC,,,,,,,,547d20d27ac9bbd1de892937af9ca79b4c9dbf003180159b246732df9e34fa17
R1572.RPL,rejection_candidate,2397,6,0,1221,finish,LANC,1221,1,0,0,-99,0,no wheel on or above road,547d20d27ac9bbd1de892937af9ca79b4c9dbf003180159b246732df9e34fa17
R1573.RPL,no_additional_violation_detected,2387,0,0,0,finish,LANC,,,,,,,,547d20d27ac9bbd1de892937af9ca79b4c9dbf003180159b246732df9e34fa17
R1574.RPL,no_additional_violation_detected,2364,0,0,0,finish,LANC,,,,,,,,547d20d27ac9bbd1de892937af9ca79b4c9dbf003180159b246732df9e34fa17
R1575.RPL,no_additional_violation_detected,2312,0,0,0,finish,LANC,,,,,,,,547d20d27ac9bbd1de892937af9ca79b4c9dbf003180159b246732df9e34fa17
R1576.RPL,no_additional_violation_detected,2309,0,0,0,finish,LANC,,,,,,,,547d20d27ac9bbd1de892937af9ca79b4c9dbf003180159b246732df9e34fa17
R1577.RPL,no_additional_violation_detected,2303,0,0,0,finish,LANC,,,,,,,,547d20d27ac9bbd1de892937af9ca79b4c9dbf003180159b246732df9e34fa17
R1578.RPL,no_additional_violation_detected,2287,0,0,0,finish,LANC,,,,,,,,547d20d27ac9bbd1de892937af9ca79b4c9dbf003180159b246732df9e34fa17
R1579.RPL,no_additional_violation_detected,2205,0,0,0,finish,LANC,,,,,,,,547d20d27ac9bbd1de892937af9ca79b4c9dbf003180159b246732df9e34fa17
R1580.RPL,rejection_candidate,2712,3,0,280,finish,OXIA,280,1,0,0,-99,0,no wheel on or above road,c13f4054a5b8b30e6dcbb9cbeaebb0d39bb5a0520fd69587a5f83cc38036d207
R1581.RPL,no_additional_violation_detected,2707,0,0,0,finish,OXIA,,,,,,,,c13f4054a5b8b30e6dcbb9cbeaebb0d39bb5a0520fd69587a5f83cc38036d207
R1582.RPL,no_additional_violation_detected,2418,0,0,0,finish,OXIA,,,,,,,,c13f4054a5b8b30e6dcbb9cbeaebb0d39bb5a0520fd69587a5f83cc38036d207
R1583.RPL,no_additional_violation_detected,2519,0,0,0,finish,OXIA,,,,,,,,c13f4054a5b8b30e6dcbb9cbeaebb0d39bb5a0520fd69587a5f83cc38036d207
R1584.RPL,no_additional_violation_detected,2515,0,0,0,finish,OXIA,,,,,,,,c13f4054a5b8b30e6dcbb9cbeaebb0d39bb5a0520fd69587a5f83cc38036d207
R1585.RPL,no_additional_violation_detected,2613,0,0,0,finish,OXIA,,,,,,,,c13f4054a5b8b30e6dcbb9cbeaebb0d39bb5a0520fd69587a5f83cc38036d207
R1586.RPL,rejection_candidate,2189,297,357,1280,finish,OXIA,357,0,0,15,34,0,stunt route incomplete,c13f4054a5b8b30e6dcbb9cbeaebb0d39bb5a0520fd69587a5f83cc38036d207
R1587.RPL,no_additional_violation_detected,2694,0,0,0,finish,OXIA,,,,,,,,c13f4054a5b8b30e6dcbb9cbeaebb0d39bb5a0520fd69587a5f83cc38036d207
R1588.RPL,no_additional_violation_detected,2499,0,0,0,finish,OXIA,,,,,,,,c13f4054a5b8b30e6dcbb9cbeaebb0d39bb5a0520fd69587a5f83cc38036d207
R1589.RPL,rejection_candidate,2333,288,361,0,finish,OXIA,361,0,0,15,34,0,stunt route incomplete,c13f4054a5b8b30e6dcbb9cbeaebb0d39bb5a0520fd69587a5f83cc38036d207
R1590.RPL,rejection_candidate,2310,289,361,2260,finish,OXIA,361,0,0,15,34,0,stunt route incomplete,c13f4054a5b8b30e6dcbb9cbeaebb0d39bb5a0520fd69587a5f83cc38036d207
